Material ID,Packaging Type,Material Type,Suitable Product Categories,Recommended Packaging Use Cases,Supplier Region,Recyclability (%),Recyclability Category,Recycled Content (%),Reusability (%),Biodegradation Time (days),End-of-Life Disposal (%),Carbon Footprint (kg CO2/unit),CO2 Emission per kg (estimated),Waste Reduction Impact (%),Sustainability Target Progress (%),Load Handling Score,Moisture Resistance Score,Thermal Resistance Score,Cost per Unit (USD),Annual Usage (units),Total Material Weight (tons),Supplier Sustainability Compliance (%)
MAT_0001,Cardboard Boxes,Cardboard,"E-commerce, Food & Beverage, Consumer Goods, Apparel",Last-mile delivery and primary e-commerce packaging,EMEA,98,High,79,49,188,5,0.78,0.54,61,88,6,5,4,2.24,101260,790,85
MAT_0002,Protective Fillers (Paper/Biodegradable),Paper/Bio-Based,"Fragile Items, Cosmetics, Pharmaceuticals, Internal Component Protection",Void-fill and cushioning for fragile products,APAC,100,High,93,31,65,2,0.52,0.32,68,98,3,3,3,1.82,73961,545,88
MAT_0003,Steel Racks & Containers,Steel,"Heavy Industrial Components, High-Security Goods","Secure, high-load international shipping and long-term storage",AMERICAS,87,High,78,100,180208,8,3.67,3.25,85,79,8,9,9,25,14649,4979,88
MAT_0004,Protective Fillers (Paper/Biodegradable),Paper/Bio-Based,"Fragile Items, Cosmetics, Pharmaceuticals, Internal Component Protection",Void-fill and cushioning for fragile products,ROW,100,High,89,31,65,3,0.48,0.31,69,87,1,1,4,2.43,75036,656,81
MAT_0005,Protective Fillers (Paper/Biodegradable),Paper/Bio-Based,"Fragile Items, Cosmetics, Pharmaceuticals, Internal Component Protection",Void-fill and cushioning for fragile products,LATAM,100,High,92,28,122,3,0.41,0.31,61,89,3,2,3,1.69,69209,549,81
MAT_0006,Foldable & Stackable Containers,Plastic,"Electronics, Medium-Value Goods, Retail Logistics",Cross-docking and returnable packaging programs,APAC,85,Medium,38,87,52407,12,1.01,1.41,78,81,8,8,6,12.45,56902,1222,97
MAT_0007,Steel Racks & Containers,Steel,"Heavy Industrial Components, High-Security Goods","Secure, high-load international shipping and long-term storage",ROW,91,High,75,93,147359,8,3.43,3.01,84,83,8,10,8,25.48,23428,5016,94
MAT_0008,Steel Racks & Containers,Steel,"Heavy Industrial Components, High-Security Goods","Secure, high-load international shipping and long-term storage",EU,96,High,75,96,161066,7,3.64,3.2,84,72,8,10,9,25.61,21463,4932,88
MAT_0009,Steel Racks & Containers,Steel,"Heavy Industrial Components, High-Security Goods","Secure, high-load international shipping and long-term storage",EMEA,94,High,66,91,115102,8,3.59,3,86,76,8,10,8,25.17,22087,4952,87
MAT_0010,Protective Fillers (Paper/Biodegradable),Paper/Bio-Based,"Fragile Items, Cosmetics, Pharmaceuticals, Internal Component Protection",Void-fill and cushioning for fragile products,LATAM,94,High,90,34,31,3,0.42,0.29,63,92,1,1,3,2.29,72042,549,79
MAT_0011,Cardboard Boxes,Cardboard,"E-commerce, Food & Beverage, Consumer Goods, Apparel",Last-mile delivery and primary e-commerce packaging,LATAM,100,High,83,50,196,6,0.66,0.54,65,92,5,5,4,3.48,96598,746,92
MAT_0012,Steel Racks & Containers,Steel,"Heavy Industrial Components, High-Security Goods","Secure, high-load international shipping and long-term storage",APAC,87,High,70,97,75709,7,3.45,3.23,85,76,8,9,8,24.43,23521,5092,88
MAT_0013,Bubble Wrap (Minimal Use),Plastic,"Low-Value Goods, Secondary Protection for Non-Fragile Items",Surface protection during transit; minimal void-fill,APAC,76,Medium,30,7,70881,25,2.03,1.59,25,56,7,9,6,0.9,32265,164,68
MAT_0014,Protective Fillers (Paper/Biodegradable),Paper/Bio-Based,"Fragile Items, Cosmetics, Pharmaceuticals, Internal Component Protection",Void-fill and cushioning for fragile products,EMEA,100,High,85,33,145,3,0.46,0.33,70,93,3,3,4,2.34,74773,548,80
MAT_0015,Foldable & Stackable Containers,Plastic,"Electronics, Medium-Value Goods, Retail Logistics",Cross-docking and returnable packaging programs,AMERICAS,87,Medium,41,82,73043,13,1.03,1.58,77,81,8,9,6,12.56,57353,1271,91
MAT_0016,Cardboard Boxes,Cardboard,"E-commerce, Food & Beverage, Consumer Goods, Apparel",Last-mile delivery and primary e-commerce packaging,EU,93,High,84,47,355,5,0.77,0.49,61,90,5,5,3,3.05,102073,901,91
MAT_0017,Bubble Wrap (Minimal Use),Plastic,"Low-Value Goods, Secondary Protection for Non-Fragile Items",Surface protection during transit; minimal void-fill,ROW,71,Medium,30,9,72362,25,1.98,1.39,28,58,8,7,8,1.07,30307,277,73
MAT_0018,Bubble Wrap (Minimal Use),Plastic,"Low-Value Goods, Secondary Protection for Non-Fragile Items",Surface protection during transit; minimal void-fill,EMEA,62,Medium,27,12,38310,26,1.91,1.46,32,66,7,9,8,1.49,27635,268,76
MAT_0019,Foldable & Stackable Containers,Plastic,"Electronics, Medium-Value Goods, Retail Logistics",Cross-docking and returnable packaging programs,LATAM,86,Medium,41,94,58200,12,0.95,1.47,70,78,8,9,6,12.14,59878,1046,87
MAT_0020,Cardboard Boxes,Cardboard,"E-commerce, Food & Beverage, Consumer Goods, Apparel",Last-mile delivery and primary e-commerce packaging,LATAM,92,High,78,53,218,6,0.79,0.53,56,88,5,4,5,3.44,98966,991,83
MAT_0021,Protective Fillers (Paper/Biodegradable),Paper/Bio-Based,"Fragile Items, Cosmetics, Pharmaceuticals, Internal Component Protection",Void-fill and cushioning for fragile products,EU,100,High,94,34,62,3,0.47,0.33,69,100,3,1,4,1.76,71711,667,76
MAT_0022,Plastic Totes & Pallets,Plastic,"Industrial Components, Heavy Machinery, Automotive Parts",Closed-loop logistics and bulk material handling,APAC,94,Medium,56,90,36417,10,1.15,1.36,77,85,8,9,7,14.36,45723,1029,93
MAT_0023,Cardboard Boxes,Cardboard,"E-commerce, Food & Beverage, Consumer Goods, Apparel",Last-mile delivery and primary e-commerce packaging,AMERICAS,90,High,75,44,211,5,0.76,0.47,62,89,4,5,3,3.77,98647,753,93
MAT_0024,Foldable & Stackable Containers,Plastic,"Electronics, Medium-Value Goods, Retail Logistics",Cross-docking and returnable packaging programs,EMEA,88,Medium,34,89,15440,13,1.07,1.35,74,84,8,7,7,12.18,63839,1020,91
MAT_0025,Bubble Wrap (Minimal Use),Plastic,"Low-Value Goods, Secondary Protection for Non-Fragile Items",Surface protection during transit; minimal void-fill,AMERICAS,63,Medium,24,16,53377,24,1.98,1.61,31,59,7,9,8,1.07,31171,145,63
MAT_0026,Protective Fillers (Paper/Biodegradable),Paper/Bio-Based,"Fragile Items, Cosmetics, Pharmaceuticals, Internal Component Protection",Void-fill and cushioning for fragile products,AMERICAS,100,High,89,31,81,3,0.57,0.3,66,99,3,2,3,2.74,75019,595,86
MAT_0027,Cardboard Boxes,Cardboard,"E-commerce, Food & Beverage, Consumer Goods, Apparel",Last-mile delivery and primary e-commerce packaging,APAC,100,High,79,50,96,4,0.8,0.49,55,83,6,4,3,3.14,98658,722,85
MAT_0028,Plastic Totes & Pallets,Plastic,"Industrial Components, Heavy Machinery, Automotive Parts",Closed-loop logistics and bulk material handling,EU,92,Medium,48,99,42997,10,1.22,1.52,80,82,9,7,7,14.94,48860,978,86
MAT_0029,Plastic Totes & Pallets,Plastic,"Industrial Components, Heavy Machinery, Automotive Parts",Closed-loop logistics and bulk material handling,LATAM,91,Medium,47,97,33532,10,1.04,1.55,79,91,8,7,7,14.4,51174,959,97
MAT_0030,Steel Racks & Containers,Steel,"Heavy Industrial Components, High-Security Goods","Secure, high-load international shipping and long-term storage",EMEA,100,High,69,96,63481,8,3.49,2.71,85,73,9,9,10,25.65,24816,5014,88
MAT_0031,Steel Racks & Containers,Steel,"Heavy Industrial Components, High-Security Goods","Secure, high-load international shipping and long-term storage",EU,98,High,70,100,134415,9,3.43,2.98,84,72,8,9,9,25.95,19847,4946,92
MAT_0032,Foldable & Stackable Containers,Plastic,"Electronics, Medium-Value Goods, Retail Logistics",Cross-docking and returnable packaging programs,ROW,90,Medium,41,88,40345,13,0.86,1.38,75,79,7,9,7,11.82,61482,1158,98
MAT_0033,Cardboard Boxes,Cardboard,"E-commerce, Food & Beverage, Consumer Goods, Apparel",Last-mile delivery and primary e-commerce packaging,AMERICAS,94,High,78,45,265,5,0.79,0.49,64,95,6,3,3,2.66,100071,782,90
MAT_0034,Cardboard Boxes,Cardboard,"E-commerce, Food & Beverage, Consumer Goods, Apparel",Last-mile delivery and primary e-commerce packaging,AMERICAS,99,High,80,51,192,6,0.77,0.52,61,87,5,3,5,2.83,96726,713,92
MAT_0035,Bubble Wrap (Minimal Use),Plastic,"Low-Value Goods, Secondary Protection for Non-Fragile Items",Surface protection during transit; minimal void-fill,AMERICAS,70,Medium,21,10,49088,24,1.98,1.37,27,62,8,9,8,1.27,29882,224,66
MAT_0036,Bubble Wrap (Minimal Use),Plastic,"Low-Value Goods, Secondary Protection for Non-Fragile Items",Surface protection during transit; minimal void-fill,ROW,66,Medium,33,13,93365,25,1.95,1.64,32,54,8,8,8,2.18,28979,309,72
MAT_0037,Bubble Wrap (Minimal Use),Plastic,"Low-Value Goods, Secondary Protection for Non-Fragile Items",Surface protection during transit; minimal void-fill,APAC,55,Medium,26,12,89889,25,1.91,1.45,32,61,9,9,7,1.21,29800,153,70
MAT_0038,Steel Racks & Containers,Steel,"Heavy Industrial Components, High-Security Goods","Secure, high-load international shipping and long-term storage",EU,97,High,73,98,72041,8,3.51,2.92,89,72,9,9,9,24.34,23233,4984,86
MAT_0039,Cardboard Boxes,Cardboard,"E-commerce, Food & Beverage, Consumer Goods, Apparel",Last-mile delivery and primary e-commerce packaging,AMERICAS,100,High,76,51,256,5,0.92,0.55,59,96,4,5,5,3.31,102546,957,83
MAT_0040,Cardboard Boxes,Cardboard,"E-commerce, Food & Beverage, Consumer Goods, Apparel",Last-mile delivery and primary e-commerce packaging,EU,100,High,80,50,352,5,0.77,0.49,65,91,4,5,3,2.59,97310,846,86
MAT_0041,Plastic Totes & Pallets,Plastic,"Industrial Components, Heavy Machinery, Automotive Parts",Closed-loop logistics and bulk material handling,APAC,86,Medium,49,95,13499,10,1.07,1.39,81,88,7,7,7,14.96,50168,1012,97
MAT_0042,Steel Racks & Containers,Steel,"Heavy Industrial Components, High-Security Goods","Secure, high-load international shipping and long-term storage",APAC,93,High,68,100,65795,9,3.48,2.85,88,79,9,10,10,24.67,20183,4942,80
MAT_0043,Protective Fillers (Paper/Biodegradable),Paper/Bio-Based,"Fragile Items, Cosmetics, Pharmaceuticals, Internal Component Protection",Void-fill and cushioning for fragile products,EU,100,High,91,33,157,2,0.62,0.31,63,91,1,3,2,1.75,71864,550,75
MAT_0044,Steel Racks & Containers,Steel,"Heavy Industrial Components, High-Security Goods","Secure, high-load international shipping and long-term storage",EU,89,High,70,97,169695,8,3.65,2.97,83,71,9,9,10,24.23,19011,5005,85
MAT_0045,Protective Fillers (Paper/Biodegradable),Paper/Bio-Based,"Fragile Items, Cosmetics, Pharmaceuticals, Internal Component Protection",Void-fill and cushioning for fragile products,EMEA,100,High,84,32,104,2,0.49,0.31,69,95,2,1,3,1.83,78051,715,84
MAT_0046,Plastic Totes & Pallets,Plastic,"Industrial Components, Heavy Machinery, Automotive Parts",Closed-loop logistics and bulk material handling,ROW,84,Medium,50,95,16331,10,1.24,1.5,78,90,7,8,8,14.57,51901,1113,95
MAT_0047,Foldable & Stackable Containers,Plastic,"Electronics, Medium-Value Goods, Retail Logistics",Cross-docking and returnable packaging programs,EMEA,80,Medium,42,91,98971,12,0.89,1.41,77,91,8,8,8,11.76,60578,1249,93
MAT_0048,Cardboard Boxes,Cardboard,"E-commerce, Food & Beverage, Consumer Goods, Apparel",Last-mile delivery and primary e-commerce packaging,EMEA,100,High,76,52,90,5,0.86,0.49,58,85,4,4,4,3.23,96300,867,89
MAT_0049,Plastic Totes & Pallets,Plastic,"Industrial Components, Heavy Machinery, Automotive Parts",Closed-loop logistics and bulk material handling,EMEA,88,Medium,51,94,64030,10,1.19,1.44,75,82,9,9,7,14.48,51009,930,96
MAT_0050,Cardboard Boxes,Cardboard,"E-commerce, Food & Beverage, Consumer Goods, Apparel",Last-mile delivery and primary e-commerce packaging,ROW,93,High,77,49,298,5,0.94,0.49,51,88,5,5,3,2.68,99951,850,93
MAT_0051,Bubble Wrap (Minimal Use),Plastic,"Low-Value Goods, Secondary Protection for Non-Fragile Items",Surface protection during transit; minimal void-fill,LATAM,78,Medium,24,10,64044,25,2.14,1.44,32,60,9,9,8,1.18,27055,315,72
MAT_0052,Foldable & Stackable Containers,Plastic,"Electronics, Medium-Value Goods, Retail Logistics",Cross-docking and returnable packaging programs,APAC,81,Medium,36,89,69350,13,1.01,1.56,79,83,9,9,7,11.28,62593,1284,90
MAT_0053,Foldable & Stackable Containers,Plastic,"Electronics, Medium-Value Goods, Retail Logistics",Cross-docking and returnable packaging programs,EMEA,79,Medium,41,89,70484,12,0.92,1.47,72,87,9,8,8,11.84,60648,1209,96
MAT_0054,Plastic Totes & Pallets,Plastic,"Industrial Components, Heavy Machinery, Automotive Parts",Closed-loop logistics and bulk material handling,APAC,87,Medium,49,94,89963,10,1.19,1.61,80,91,9,7,6,15.15,52117,941,100
MAT_0055,Foldable & Stackable Containers,Plastic,"Electronics, Medium-Value Goods, Retail Logistics",Cross-docking and returnable packaging programs,ROW,80,Medium,40,90,53148,12,0.96,1.6,75,82,7,9,7,12.2,55738,1079,88
MAT_0056,Protective Fillers (Paper/Biodegradable),Paper/Bio-Based,"Fragile Items, Cosmetics, Pharmaceuticals, Internal Component Protection",Void-fill and cushioning for fragile products,APAC,100,High,87,30,176,4,0.47,0.29,70,100,1,2,2,2.61,71749,572,80
MAT_0057,Foldable & Stackable Containers,Plastic,"Electronics, Medium-Value Goods, Retail Logistics",Cross-docking and returnable packaging programs,EMEA,80,Medium,42,95,66060,12,0.99,1.46,74,76,8,8,8,11.73,60393,1187,94
MAT_0058,Cardboard Boxes,Cardboard,"E-commerce, Food & Beverage, Consumer Goods, Apparel",Last-mile delivery and primary e-commerce packaging,ROW,100,High,78,50,115,5,0.77,0.52,63,91,5,5,5,2.8,97679,977,83
MAT_0059,Cardboard Boxes,Cardboard,"E-commerce, Food & Beverage, Consumer Goods, Apparel",Last-mile delivery and primary e-commerce packaging,APAC,95,High,81,46,148,5,0.84,0.53,57,89,5,5,5,2.91,104546,659,85
MAT_0060,Cardboard Boxes,Cardboard,"E-commerce, Food & Beverage, Consumer Goods, Apparel",Last-mile delivery and primary e-commerce packaging,LATAM,100,High,78,50,218,6,0.74,0.54,61,88,4,4,5,2.95,100824,950,90
MAT_0061,Cardboard Boxes,Cardboard,"E-commerce, Food & Beverage, Consumer Goods, Apparel",Last-mile delivery and primary e-commerce packaging,EU,96,High,81,49,287,6,0.92,0.53,65,89,6,4,4,3.62,101365,795,81
MAT_0062,Protective Fillers (Paper/Biodegradable),Paper/Bio-Based,"Fragile Items, Cosmetics, Pharmaceuticals, Internal Component Protection",Void-fill and cushioning for fragile products,LATAM,95,High,84,27,44,3,0.31,0.28,69,100,2,2,4,1.63,75514,693,86
MAT_0063,Steel Racks & Containers,Steel,"Heavy Industrial Components, High-Security Goods","Secure, high-load international shipping and long-term storage",APAC,81,High,70,93,180125,8,3.58,2.92,89,71,9,9,10,25.34,19288,5034,92
MAT_0064,Bubble Wrap (Minimal Use),Plastic,"Low-Value Goods, Secondary Protection for Non-Fragile Items",Surface protection during transit; minimal void-fill,EMEA,69,Medium,31,10,17015,26,2.04,1.57,31,63,8,7,8,0.21,28810,200,72
MAT_0065,Plastic Totes & Pallets,Plastic,"Industrial Components, Heavy Machinery, Automotive Parts",Closed-loop logistics and bulk material handling,EMEA,80,Medium,51,100,40031,10,1.1,1.57,82,83,9,7,8,14.59,44696,1041,98
MAT_0066,Cardboard Boxes,Cardboard,"E-commerce, Food & Beverage, Consumer Goods, Apparel",Last-mile delivery and primary e-commerce packaging,ROW,100,High,75,50,283,5,0.77,0.55,64,92,6,3,5,3.23,102764,808,83
MAT_0067,Foldable & Stackable Containers,Plastic,"Electronics, Medium-Value Goods, Retail Logistics",Cross-docking and returnable packaging programs,ROW,84,Medium,42,89,50911,11,0.99,1.54,75,82,8,9,6,11.34,60692,1224,90
MAT_0068,Cardboard Boxes,Cardboard,"E-commerce, Food & Beverage, Consumer Goods, Apparel",Last-mile delivery and primary e-commerce packaging,EMEA,97,High,84,54,168,5,0.86,0.48,63,96,6,5,5,2.69,102623,782,78
MAT_0069,Foldable & Stackable Containers,Plastic,"Electronics, Medium-Value Goods, Retail Logistics",Cross-docking and returnable packaging programs,EMEA,82,Medium,39,83,21746,12,0.9,1.55,76,77,9,8,7,12.73,59483,1150,82
MAT_0070,Bubble Wrap (Minimal Use),Plastic,"Low-Value Goods, Secondary Protection for Non-Fragile Items",Surface protection during transit; minimal void-fill,AMERICAS,73,Medium,32,13,52824,25,1.94,1.62,35,56,9,9,6,2.02,27583,373,69
MAT_0071,Bubble Wrap (Minimal Use),Plastic,"Low-Value Goods, Secondary Protection for Non-Fragile Items",Surface protection during transit; minimal void-fill,APAC,68,Medium,28,9,61190,26,2,1.42,32,62,7,9,8,1.47,27876,267,74
MAT_0072,Bubble Wrap (Minimal Use),Plastic,"Low-Value Goods, Secondary Protection for Non-Fragile Items",Surface protection during transit; minimal void-fill,EMEA,73,Medium,32,8,70772,25,1.92,1.36,24,61,7,8,6,1.91,31964,256,63
MAT_0073,Foldable & Stackable Containers,Plastic,"Electronics, Medium-Value Goods, Retail Logistics",Cross-docking and returnable packaging programs,ROW,92,Medium,42,94,46640,13,0.98,1.47,79,75,9,8,7,11.69,54650,1189,88
MAT_0074,Cardboard Boxes,Cardboard,"E-commerce, Food & Beverage, Consumer Goods, Apparel",Last-mile delivery and primary e-commerce packaging,EU,100,High,77,46,169,4,0.75,0.51,57,87,6,3,3,2.82,96624,825,90
MAT_0075,Bubble Wrap (Minimal Use),Plastic,"Low-Value Goods, Secondary Protection for Non-Fragile Items",Surface protection during transit; minimal void-fill,EMEA,82,Medium,37,7,21938,24,1.99,1.59,34,62,9,9,8,0.92,29678,156,69
MAT_0076,Protective Fillers (Paper/Biodegradable),Paper/Bio-Based,"Fragile Items, Cosmetics, Pharmaceuticals, Internal Component Protection",Void-fill and cushioning for fragile products,AMERICAS,99,High,87,36,171,2,0.39,0.3,65,91,2,2,3,1.23,76655,523,78
MAT_0077,Foldable & Stackable Containers,Plastic,"Electronics, Medium-Value Goods, Retail Logistics",Cross-docking and returnable packaging programs,APAC,84,Medium,44,94,84051,11,1.02,1.53,74,83,9,8,8,11.93,59507,1227,89
MAT_0078,Foldable & Stackable Containers,Plastic,"Electronics, Medium-Value Goods, Retail Logistics",Cross-docking and returnable packaging programs,EMEA,88,Medium,39,87,78380,11,0.94,1.43,78,80,9,9,8,12.68,56260,1242,87
MAT_0079,Cardboard Boxes,Cardboard,"E-commerce, Food & Beverage, Consumer Goods, Apparel",Last-mile delivery and primary e-commerce packaging,ROW,98,High,79,48,250,5,0.9,0.52,62,90,4,4,5,3.39,100328,741,87
MAT_0080,Foldable & Stackable Containers,Plastic,"Electronics, Medium-Value Goods, Retail Logistics",Cross-docking and returnable packaging programs,EU,92,Medium,38,89,22417,12,1.05,1.63,79,81,7,9,7,11.61,59486,1210,98
MAT_0081,Foldable & Stackable Containers,Plastic,"Electronics, Medium-Value Goods, Retail Logistics",Cross-docking and returnable packaging programs,EU,86,Medium,40,86,86303,11,1.09,1.47,82,79,9,9,8,12.38,56647,1236,85
MAT_0082,Bubble Wrap (Minimal Use),Plastic,"Low-Value Goods, Secondary Protection for Non-Fragile Items",Surface protection during transit; minimal void-fill,LATAM,71,Medium,38,13,38391,25,2.09,1.45,34,59,8,7,7,1.91,31467,196,63
MAT_0083,Cardboard Boxes,Cardboard,"E-commerce, Food & Beverage, Consumer Goods, Apparel",Last-mile delivery and primary e-commerce packaging,EU,100,High,81,44,201,6,0.86,0.54,58,89,5,5,3,2.6,99953,717,85
MAT_0084,Bubble Wrap (Minimal Use),Plastic,"Low-Value Goods, Secondary Protection for Non-Fragile Items",Surface protection during transit; minimal void-fill,LATAM,63,Medium,32,10,79705,25,1.97,1.35,32,62,7,9,8,2.23,28967,217,63
MAT_0085,Bubble Wrap (Minimal Use),Plastic,"Low-Value Goods, Secondary Protection for Non-Fragile Items",Surface protection during transit; minimal void-fill,AMERICAS,68,Medium,29,9,65252,25,1.95,1.35,36,59,7,7,7,0.84,29535,227,68
MAT_0086,Cardboard Boxes,Cardboard,"E-commerce, Food & Beverage, Consumer Goods, Apparel",Last-mile delivery and primary e-commerce packaging,EU,100,High,81,48,312,5,0.93,0.52,64,83,5,4,5,3.18,97331,889,80
MAT_0087,Plastic Totes & Pallets,Plastic,"Industrial Components, Heavy Machinery, Automotive Parts",Closed-loop logistics and bulk material handling,LATAM,88,Medium,52,97,32911,9,1.23,1.5,82,90,8,7,7,14.55,46054,1003,100
MAT_0088,Bubble Wrap (Minimal Use),Plastic,"Low-Value Goods, Secondary Protection for Non-Fragile Items",Surface protection during transit; minimal void-fill,EU,69,Medium,35,3,45188,26,1.9,1.45,26,54,9,8,7,0.84,29486,185,66
MAT_0089,Protective Fillers (Paper/Biodegradable),Paper/Bio-Based,"Fragile Items, Cosmetics, Pharmaceuticals, Internal Component Protection",Void-fill and cushioning for fragile products,LATAM,95,High,92,31,66,2,0.42,0.31,61,96,3,3,2,2.26,73579,650,80
MAT_0090,Protective Fillers (Paper/Biodegradable),Paper/Bio-Based,"Fragile Items, Cosmetics, Pharmaceuticals, Internal Component Protection",Void-fill and cushioning for fragile products,EU,100,High,88,28,133,3,0.57,0.28,67,98,2,3,4,1.76,75226,663,82
MAT_0091,Foldable & Stackable Containers,Plastic,"Electronics, Medium-Value Goods, Retail Logistics",Cross-docking and returnable packaging programs,LATAM,95,Medium,43,90,89433,12,0.96,1.49,77,77,8,9,8,12.25,59603,1126,91
MAT_0092,Protective Fillers (Paper/Biodegradable),Paper/Bio-Based,"Fragile Items, Cosmetics, Pharmaceuticals, Internal Component Protection",Void-fill and cushioning for fragile products,LATAM,97,High,88,29,139,3,0.47,0.32,63,89,1,3,4,2.55,76866,517,84
MAT_0093,Foldable & Stackable Containers,Plastic,"Electronics, Medium-Value Goods, Retail Logistics",Cross-docking and returnable packaging programs,EMEA,82,Medium,38,93,51800,11,0.87,1.6,76,78,7,9,7,12.22,58486,1211,86
MAT_0094,Plastic Totes & Pallets,Plastic,"Industrial Components, Heavy Machinery, Automotive Parts",Closed-loop logistics and bulk material handling,APAC,100,Medium,48,96,81714,10,1.14,1.51,82,90,7,9,7,14.87,46774,1086,91
MAT_0095,Cardboard Boxes,Cardboard,"E-commerce, Food & Beverage, Consumer Goods, Apparel",Last-mile delivery and primary e-commerce packaging,AMERICAS,100,High,74,49,90,5,0.68,0.52,60,88,5,3,3,3.63,103469,862,80
MAT_0096,Cardboard Boxes,Cardboard,"E-commerce, Food & Beverage, Consumer Goods, Apparel",Last-mile delivery and primary e-commerce packaging,AMERICAS,99,High,78,50,197,5,0.77,0.47,59,83,4,3,4,3.87,96646,743,87
MAT_0097,Cardboard Boxes,Cardboard,"E-commerce, Food & Beverage, Consumer Goods, Apparel",Last-mile delivery and primary e-commerce packaging,AMERICAS,97,High,82,53,291,5,0.78,0.54,60,93,5,3,3,2.81,97201,880,85
MAT_0098,Protective Fillers (Paper/Biodegradable),Paper/Bio-Based,"Fragile Items, Cosmetics, Pharmaceuticals, Internal Component Protection",Void-fill and cushioning for fragile products,APAC,99,High,94,30,119,4,0.55,0.31,64,92,3,3,3,2.49,76341,614,78
MAT_0099,Plastic Totes & Pallets,Plastic,"Industrial Components, Heavy Machinery, Automotive Parts",Closed-loop logistics and bulk material handling,ROW,84,Medium,50,93,19133,10,1.2,1.54,81,84,8,7,7,15.74,52785,1083,93
MAT_0100,Protective Fillers (Paper/Biodegradable),Paper/Bio-Based,"Fragile Items, Cosmetics, Pharmaceuticals, Internal Component Protection",Void-fill and cushioning for fragile products,AMERICAS,100,High,88,29,170,3,0.52,0.28,58,93,3,2,3,1.5,67350,601,74
MAT_0101,Protective Fillers (Paper/Biodegradable),Paper/Bio-Based,"Fragile Items, Cosmetics, Pharmaceuticals, Internal Component Protection",Void-fill and cushioning for fragile products,EMEA,100,High,91,33,122,2,0.46,0.31,68,91,3,2,2,2.02,77375,549,85
MAT_0102,Steel Racks & Containers,Steel,"Heavy Industrial Components, High-Security Goods","Secure, high-load international shipping and long-term storage",LATAM,94,High,68,96,161962,8,3.58,3,85,73,8,9,8,25.66,21183,5063,91
MAT_0103,Cardboard Boxes,Cardboard,"E-commerce, Food & Beverage, Consumer Goods, Apparel",Last-mile delivery and primary e-commerce packaging,APAC,99,High,80,52,242,5,0.79,0.51,60,90,4,4,5,3.14,103063,782,88
MAT_0104,Cardboard Boxes,Cardboard,"E-commerce, Food & Beverage, Consumer Goods, Apparel",Last-mile delivery and primary e-commerce packaging,EU,100,High,77,46,187,4,0.85,0.52,65,88,6,3,5,2.7,99808,719,83
MAT_0105,Foldable & Stackable Containers,Plastic,"Electronics, Medium-Value Goods, Retail Logistics",Cross-docking and returnable packaging programs,LATAM,85,Medium,41,86,52150,13,0.92,1.44,79,78,7,9,8,12.72,59942,1268,90
MAT_0106,Bubble Wrap (Minimal Use),Plastic,"Low-Value Goods, Secondary Protection for Non-Fragile Items",Surface protection during transit; minimal void-fill,LATAM,61,Medium,22,12,71775,25,1.96,1.4,32,60,7,8,6,1.46,30357,178,67
MAT_0107,Plastic Totes & Pallets,Plastic,"Industrial Components, Heavy Machinery, Automotive Parts",Closed-loop logistics and bulk material handling,EU,86,Medium,50,96,25270,11,1.17,1.6,76,82,7,8,7,14.28,48512,1065,95
MAT_0108,Foldable & Stackable Containers,Plastic,"Electronics, Medium-Value Goods, Retail Logistics",Cross-docking and returnable packaging programs,EU,92,Medium,43,89,61952,12,1.07,1.42,75,80,8,9,7,12.18,61002,1202,89
MAT_0109,Foldable & Stackable Containers,Plastic,"Electronics, Medium-Value Goods, Retail Logistics",Cross-docking and returnable packaging programs,EU,94,Medium,44,87,35850,13,1.08,1.49,74,80,8,7,7,11.55,59371,1147,89
MAT_0110,Plastic Totes & Pallets,Plastic,"Industrial Components, Heavy Machinery, Automotive Parts",Closed-loop logistics and bulk material handling,LATAM,92,Medium,48,97,42939,11,1.13,1.52,80,90,7,7,6,14.61,48925,1033,98
MAT_0111,Cardboard Boxes,Cardboard,"E-commerce, Food & Beverage, Consumer Goods, Apparel",Last-mile delivery and primary e-commerce packaging,LATAM,100,High,77,50,152,5,0.76,0.51,60,88,5,3,3,2.69,101662,790,83
MAT_0112,Steel Racks & Containers,Steel,"Heavy Industrial Components, High-Security Goods","Secure, high-load international shipping and long-term storage",EMEA,95,High,73,99,75493,7,3.61,3.15,83,72,8,10,9,24.63,22295,4967,89
MAT_0113,Plastic Totes & Pallets,Plastic,"Industrial Components, Heavy Machinery, Automotive Parts",Closed-loop logistics and bulk material handling,EMEA,90,Medium,47,93,66898,10,1.21,1.38,81,87,9,7,6,15.71,51480,985,89
MAT_0114,Protective Fillers (Paper/Biodegradable),Paper/Bio-Based,"Fragile Items, Cosmetics, Pharmaceuticals, Internal Component Protection",Void-fill and cushioning for fragile products,EMEA,100,High,92,33,137,3,0.56,0.29,66,95,2,2,4,1.96,75069,637,79
MAT_0115,Cardboard Boxes,Cardboard,"E-commerce, Food & Beverage, Consumer Goods, Apparel",Last-mile delivery and primary e-commerce packaging,APAC,94,High,79,48,154,5,0.9,0.55,60,90,5,3,4,3.22,96860,862,86
MAT_0116,Cardboard Boxes,Cardboard,"E-commerce, Food & Beverage, Consumer Goods, Apparel",Last-mile delivery and primary e-commerce packaging,AMERICAS,93,High,79,48,272,5,0.9,0.5,58,92,6,4,5,2.83,99216,778,92
MAT_0117,Plastic Totes & Pallets,Plastic,"Industrial Components, Heavy Machinery, Automotive Parts",Closed-loop logistics and bulk material handling,ROW,87,Medium,50,95,30911,10,1.2,1.39,82,85,9,8,7,14.68,52156,1113,97
MAT_0118,Foldable & Stackable Containers,Plastic,"Electronics, Medium-Value Goods, Retail Logistics",Cross-docking and returnable packaging programs,APAC,87,Medium,43,89,68093,12,1.06,1.48,77,81,8,9,8,12.01,57077,1217,92
MAT_0119,Plastic Totes & Pallets,Plastic,"Industrial Components, Heavy Machinery, Automotive Parts",Closed-loop logistics and bulk material handling,EU,86,Medium,52,99,25244,10,1.18,1.43,82,82,7,8,7,14.41,49673,995,86
MAT_0120,Protective Fillers (Paper/Biodegradable),Paper/Bio-Based,"Fragile Items, Cosmetics, Pharmaceuticals, Internal Component Protection",Void-fill and cushioning for fragile products,EMEA,100,High,91,33,177,3,0.47,0.3,64,96,2,3,4,2.2,74542,540,84
MAT_0121,Cardboard Boxes,Cardboard,"E-commerce, Food & Beverage, Consumer Goods, Apparel",Last-mile delivery and primary e-commerce packaging,EU,100,High,80,48,310,5,0.8,0.47,61,90,5,4,4,3.31,103175,758,93
MAT_0122,Bubble Wrap (Minimal Use),Plastic,"Low-Value Goods, Secondary Protection for Non-Fragile Items",Surface protection during transit; minimal void-fill,ROW,69,Medium,30,12,65985,25,1.96,1.6,31,63,9,9,7,1.86,30397,298,69
MAT_0123,Cardboard Boxes,Cardboard,"E-commerce, Food & Beverage, Consumer Goods, Apparel",Last-mile delivery and primary e-commerce packaging,ROW,97,High,76,50,332,5,0.73,0.52,62,88,5,5,4,2.94,102220,740,84
MAT_0124,Steel Racks & Containers,Steel,"Heavy Industrial Components, High-Security Goods","Secure, high-load international shipping and long-term storage",APAC,94,High,72,99,103598,7,3.56,2.98,82,76,9,10,9,24.62,21703,5063,90
MAT_0125,Plastic Totes & Pallets,Plastic,"Industrial Components, Heavy Machinery, Automotive Parts",Closed-loop logistics and bulk material handling,EU,82,Medium,48,93,29304,11,1.12,1.38,79,83,7,9,6,15.11,51095,966,93
MAT_0126,Foldable & Stackable Containers,Plastic,"Electronics, Medium-Value Goods, Retail Logistics",Cross-docking and returnable packaging programs,APAC,86,Medium,36,92,10935,13,1.06,1.42,75,81,8,7,6,12.59,62098,1250,91
MAT_0127,Cardboard Boxes,Cardboard,"E-commerce, Food & Beverage, Consumer Goods, Apparel",Last-mile delivery and primary e-commerce packaging,EMEA,100,High,77,53,153,5,0.81,0.51,62,84,4,5,4,2.83,101569,765,86
MAT_0128,Steel Racks & Containers,Steel,"Heavy Industrial Components, High-Security Goods","Secure, high-load international shipping and long-term storage",AMERICAS,93,High,71,98,99557,7,3.57,3.13,83,75,8,10,8,25.68,19707,4939,94
MAT_0129,Protective Fillers (Paper/Biodegradable),Paper/Bio-Based,"Fragile Items, Cosmetics, Pharmaceuticals, Internal Component Protection",Void-fill and cushioning for fragile products,LATAM,100,High,88,32,176,2,0.53,0.3,69,96,2,2,4,2.02,73907,597,83
MAT_0130,Cardboard Boxes,Cardboard,"E-commerce, Food & Beverage, Consumer Goods, Apparel",Last-mile delivery and primary e-commerce packaging,AMERICAS,96,High,83,49,275,6,0.85,0.52,65,89,6,4,4,3.18,100778,819,92
MAT_0131,Plastic Totes & Pallets,Plastic,"Industrial Components, Heavy Machinery, Automotive Parts",Closed-loop logistics and bulk material handling,LATAM,84,Medium,48,97,41427,9,1.06,1.48,80,87,8,7,7,15.76,48866,1053,97
MAT_0132,Cardboard Boxes,Cardboard,"E-commerce, Food & Beverage, Consumer Goods, Apparel",Last-mile delivery and primary e-commerce packaging,APAC,99,High,79,48,101,5,0.8,0.53,62,87,6,4,4,3.1,103099,753,83
MAT_0133,Bubble Wrap (Minimal Use),Plastic,"Low-Value Goods, Secondary Protection for Non-Fragile Items",Surface protection during transit; minimal void-fill,LATAM,69,Medium,28,15,50508,26,1.96,1.46,29,61,9,7,6,1.33,28859,219,70
MAT_0134,Cardboard Boxes,Cardboard,"E-commerce, Food & Beverage, Consumer Goods, Apparel",Last-mile delivery and primary e-commerce packaging,EMEA,99,High,79,52,242,5,0.72,0.49,61,93,5,4,4,2.8,101569,824,93
MAT_0135,Protective Fillers (Paper/Biodegradable),Paper/Bio-Based,"Fragile Items, Cosmetics, Pharmaceuticals, Internal Component Protection",Void-fill and cushioning for fragile products,AMERICAS,100,High,84,33,165,3,0.54,0.31,64,95,3,1,4,1.87,76033,680,80
MAT_0136,Cardboard Boxes,Cardboard,"E-commerce, Food & Beverage, Consumer Goods, Apparel",Last-mile delivery and primary e-commerce packaging,ROW,97,High,78,51,200,6,0.88,0.48,64,88,5,3,5,3.31,101538,816,84
MAT_0137,Cardboard Boxes,Cardboard,"E-commerce, Food & Beverage, Consumer Goods, Apparel",Last-mile delivery and primary e-commerce packaging,APAC,97,High,84,52,130,5,0.74,0.51,61,90,5,5,4,2.94,98083,782,88
MAT_0138,Plastic Totes & Pallets,Plastic,"Industrial Components, Heavy Machinery, Automotive Parts",Closed-loop logistics and bulk material handling,APAC,84,Medium,51,96,25227,11,1.14,1.44,79,84,8,8,7,14.65,51659,1010,95
MAT_0139,Foldable & Stackable Containers,Plastic,"Electronics, Medium-Value Goods, Retail Logistics",Cross-docking and returnable packaging programs,LATAM,85,Medium,38,94,84260,11,1.06,1.52,78,79,8,8,6,12.72,55887,1184,88
MAT_0140,Cardboard Boxes,Cardboard,"E-commerce, Food & Beverage, Consumer Goods, Apparel",Last-mile delivery and primary e-commerce packaging,AMERICAS,99,High,80,48,252,5,0.81,0.51,64,91,4,4,5,2.78,100650,782,85
MAT_0141,Steel Racks & Containers,Steel,"Heavy Industrial Components, High-Security Goods","Secure, high-load international shipping and long-term storage",LATAM,94,High,68,96,153549,7,3.58,2.98,82,75,9,9,9,24.96,22070,5036,87
MAT_0142,Protective Fillers (Paper/Biodegradable),Paper/Bio-Based,"Fragile Items, Cosmetics, Pharmaceuticals, Internal Component Protection",Void-fill and cushioning for fragile products,ROW,100,High,88,34,179,3,0.58,0.3,64,96,1,2,3,2.5,76742,674,78
MAT_0143,Bubble Wrap (Minimal Use),Plastic,"Low-Value Goods, Secondary Protection for Non-Fragile Items",Surface protection during transit; minimal void-fill,LATAM,62,Medium,23,12,74533,26,1.96,1.38,32,60,7,8,6,1.5,30291,257,67
MAT_0144,Foldable & Stackable Containers,Plastic,"Electronics, Medium-Value Goods, Retail Logistics",Cross-docking and returnable packaging programs,LATAM,82,Medium,41,87,37036,12,1.06,1.54,72,83,7,7,6,12.72,57467,1176,96
MAT_0145,Plastic Totes & Pallets,Plastic,"Industrial Components, Heavy Machinery, Automotive Parts",Closed-loop logistics and bulk material handling,AMERICAS,93,Medium,50,92,31940,11,1.21,1.5,78,86,8,7,7,14.41,47587,975,89
MAT_0146,Foldable & Stackable Containers,Plastic,"Electronics, Medium-Value Goods, Retail Logistics",Cross-docking and returnable packaging programs,ROW,81,Medium,36,92,62453,12,0.92,1.49,74,77,8,9,8,12.28,60352,1118,90
MAT_0147,Cardboard Boxes,Cardboard,"E-commerce, Food & Beverage, Consumer Goods, Apparel",Last-mile delivery and primary e-commerce packaging,EU,100,High,82,50,154,5,0.76,0.53,59,91,4,4,4,2.98,103323,737,85
MAT_0148,Plastic Totes & Pallets,Plastic,"Industrial Components, Heavy Machinery, Automotive Parts",Closed-loop logistics and bulk material handling,EMEA,90,Medium,49,94,76964,10,1.06,1.44,83,90,7,7,7,14.65,49673,998,92
MAT_0149,Steel Racks & Containers,Steel,"Heavy Industrial Components, High-Security Goods","Secure, high-load international shipping and long-term storage",AMERICAS,96,High,70,98,90587,8,3.64,3.06,85,76,9,10,8,25.43,21272,4976,93
MAT_0150,Protective Fillers (Paper/Biodegradable),Paper/Bio-Based,"Fragile Items, Cosmetics, Pharmaceuticals, Internal Component Protection",Void-fill and cushioning for fragile products,APAC,94,High,87,33,126,2,0.56,0.28,67,95,3,3,3,2.44,71008,634,84
MAT_0151,Plastic Totes & Pallets,Plastic,"Industrial Components, Heavy Machinery, Automotive Parts",Closed-loop logistics and bulk material handling,APAC,94,Medium,50,96,40050,11,1.15,1.52,82,90,7,7,7,15.25,50106,1088,96
MAT_0152,Steel Racks & Containers,Steel,"Heavy Industrial Components, High-Security Goods","Secure, high-load international shipping and long-term storage",APAC,99,High,73,98,157790,8,3.58,3.07,85,73,10,9,9,24.33,20573,4938,91
MAT_0153,Foldable & Stackable Containers,Plastic,"Electronics, Medium-Value Goods, Retail Logistics",Cross-docking and returnable packaging programs,APAC,87,Medium,41,89,68326,12,1,1.6,73,81,9,8,8,12.7,60528,1117,86
MAT_0154,Cardboard Boxes,Cardboard,"E-commerce, Food & Beverage, Consumer Goods, Apparel",Last-mile delivery and primary e-commerce packaging,EMEA,100,High,78,47,157,5,0.76,0.51,61,90,6,5,5,2.77,100871,847,90
MAT_0155,Plastic Totes & Pallets,Plastic,"Industrial Components, Heavy Machinery, Automotive Parts",Closed-loop logistics and bulk material handling,LATAM,85,Medium,50,97,41427,10,1.21,1.56,80,89,9,6,7,14.68,52156,989,97
MAT_0156,Plastic Totes & Pallets,Plastic,"Industrial Components, Heavy Machinery, Automotive Parts",Closed-loop logistics and bulk material handling,APAC,87,Medium,49,95,28329,10,1.16,1.48,81,85,8,9,7,15.75,47124,1030,95
MAT_0157,Bubble Wrap (Minimal Use),Plastic,"Low-Value Goods, Secondary Protection for Non-Fragile Items",Surface protection during transit; minimal void-fill,EU,77,Medium,30,12,31602,25,2.05,1.49,30,56,8,8,8,1.42,31018,171,70
MAT_0158,Cardboard Boxes,Cardboard,"E-commerce, Food & Beverage, Consumer Goods, Apparel",Last-mile delivery and primary e-commerce packaging,APAC,99,High,77,53,101,5,0.77,0.51,61,87,6,5,3,2.98,103099,886,86
MAT_0159,Foldable & Stackable Containers,Plastic,"Electronics, Medium-Value Goods, Retail Logistics",Cross-docking and returnable packaging programs,LATAM,81,Medium,40,92,60408,12,1,1.49,75,77,8,9,6,12.01,57077,1087,88
MAT_0160,Cardboard Boxes,Cardboard,"E-commerce, Food & Beverage, Consumer Goods, Apparel",Last-mile delivery and primary e-commerce packaging,LATAM,100,High,81,49,209,5,0.73,0.55,64,91,5,3,3,3.06,99778,745,86
MAT_0161,Protective Fillers (Paper/Biodegradable),Paper/Bio-Based,"Fragile Items, Cosmetics, Pharmaceuticals, Internal Component Protection",Void-fill and cushioning for fragile products,APAC,99,High,92,32,152,3,0.53,0.3,64,93,2,3,4,2.54,72675,567,78
MAT_0162,Steel Racks & Containers,Steel,"Heavy Industrial Components, High-Security Goods","Secure, high-load international shipping and long-term storage",EMEA,95,High,72,99,75493,8,3.48,3.13,88,74,9,9,9,24.63,22295,5028,89
MAT_0163,Cardboard Boxes,Cardboard,"E-commerce, Food & Beverage, Consumer Goods, Apparel",Last-mile delivery and primary e-commerce packaging,EMEA,100,High,79,53,168,5,0.85,0.51,60,94,5,4,5,3.37,97003,778,84
MAT_0164,Plastic Totes & Pallets,Plastic,"Industrial Components, Heavy Machinery, Automotive Parts",Closed-loop logistics and bulk material handling,LATAM,88,Medium,48,93,55740,11,1.14,1.41,78,90,7,8,6,14.93,52219,1018,97
MAT_0165,Steel Racks & Containers,Steel,"Heavy Industrial Components, High-Security Goods","Secure, high-load international shipping and long-term storage",EU,86,High,72,97,113063,7,3.61,3.09,83,73,8,9,9,24.22,23853,5010,84
MAT_0166,Cardboard Boxes,Cardboard,"E-commerce, Food & Beverage, Consumer Goods, Apparel",Last-mile delivery and primary e-commerce packaging,AMERICAS,99,High,81,50,230,5,0.86,0.51,62,85,6,3,4,3.07,98791,732,83
MAT_0167,Protective Fillers (Paper/Biodegradable),Paper/Bio-Based,"Fragile Items, Cosmetics, Pharmaceuticals, Internal Component Protection",Void-fill and cushioning for fragile products,EU,98,High,91,30,165,3,0.54,0.3,67,95,3,3,3,2.4,72166,569,79
MAT_0168,Foldable & Stackable Containers,Plastic,"Electronics, Medium-Value Goods, Retail Logistics",Cross-docking and returnable packaging programs,EU,90,Medium,38,88,86202,12,1.06,1.42,75,81,8,7,7,12.02,60655,1239,94
MAT_0169,Bubble Wrap (Minimal Use),Plastic,"Low-Value Goods, Secondary Protection for Non-Fragile Items",Surface protection during transit; minimal void-fill,APAC,77,Medium,29,8,60573,26,2.02,1.57,32,60,8,9,7,1.26,30357,211,70
MAT_0170,Plastic Totes & Pallets,Plastic,"Industrial Components, Heavy Machinery, Automotive Parts",Closed-loop logistics and bulk material handling,EMEA,95,Medium,50,96,22097,11,1.17,1.45,80,86,8,7,6,14.65,49673,995,86
MAT_0171,Protective Fillers (Paper/Biodegradable),Paper/Bio-Based,"Fragile Items, Cosmetics, Pharmaceuticals, Internal Component Protection",Void-fill and cushioning for fragile products,LATAM,100,High,87,31,141,3,0.51,0.28,68,91,1,2,3,1.6,73892,525,85
MAT_0172,Cardboard Boxes,Cardboard,"E-commerce, Food & Beverage, Consumer Goods, Apparel",Last-mile delivery and primary e-commerce packaging,APAC,97,High,76,51,332,5,0.79,0.51,59,86,4,5,4,2.94,102220,740,84
MAT_0173,Cardboard Boxes,Cardboard,"E-commerce, Food & Beverage, Consumer Goods, Apparel",Last-mile delivery and primary e-commerce packaging,LATAM,96,High,77,47,152,5,0.79,0.5,60,86,6,5,3,3.06,99778,745,86
MAT_0174,Plastic Totes & Pallets,Plastic,"Industrial Components, Heavy Machinery, Automotive Parts",Closed-loop logistics and bulk material handling,ROW,87,Medium,48,96,33525,10,1.21,1.4,81,87,9,7,6,15.74,52785,1053,97
MAT_0175,Cardboard Boxes,Cardboard,"E-commerce, Food & Beverage, Consumer Goods, Apparel",Last-mile delivery and primary e-commerce packaging,LATAM,99,High,81,52,242,5,0.8,0.52,63,93,6,3,5,3.14,103063,782,88
MAT_0176,Foldable & Stackable Containers,Plastic,"Electronics, Medium-Value Goods, Retail Logistics",Cross-docking and returnable packaging programs,AMERICAS,88,Medium,36,88,41490,12,0.9,1.48,74,84,7,7,7,12.7,60528,1117,86
MAT_0177,Plastic Totes & Pallets,Plastic,"Industrial Components, Heavy Machinery, Automotive Parts",Closed-loop logistics and bulk material handling,ROW,92,Medium,48,93,42939,11,1.14,1.4,77,88,9,7,7,14.61,48925,1033,98
MAT_0178,Cardboard Boxes,Cardboard,"E-commerce, Food & Beverage, Consumer Goods, Apparel",Last-mile delivery and primary e-commerce packaging,EMEA,95,High,77,48,275,5,0.92,0.52,65,88,6,4,5,3.18,100778,819,92
MAT_0179,Steel Racks & Containers,Steel,"Heavy Industrial Components, High-Security Goods","Secure, high-load international shipping and long-term storage",APAC,94,High,71,97,99557,8,3.58,3.13,83,73,9,9,9,25.68,19707,5063,94
MAT_0180,Bubble Wrap (Minimal Use),Plastic,"Low-Value Goods, Secondary Protection for Non-Fragile Items",Surface protection during transit; minimal void-fill,APAC,78,Medium,30,8,64044,26,2.07,1.6,33,60,7,8,6,1.26,30357,211,70
MAT_0181,Cardboard Boxes,Cardboard,"E-commerce, Food & Beverage, Consumer Goods, Apparel",Last-mile delivery and primary e-commerce packaging,EU,98,High,77,53,153,5,0.8,0.51,62,84,5,5,4,2.83,101569,765,86
MAT_0182,Plastic Totes & Pallets,Plastic,"Industrial Components, Heavy Machinery, Automotive Parts",Closed-loop logistics and bulk material handling,AMERICAS,89,Medium,50,96,28329,10,1.2,1.37,79,85,9,9,7,15.75,47124,1030,95
MAT_0183,Plastic Totes & Pallets,Plastic,"Industrial Components, Heavy Machinery, Automotive Parts",Closed-loop logistics and bulk material handling,AMERICAS,93,Medium,50,95,30911,10,1.07,1.48,81,86,7,7,6,14.68,52156,1010,95
MAT_0184,Foldable & Stackable Containers,Plastic,"Electronics, Medium-Value Goods, Retail Logistics",Cross-docking and returnable packaging programs,APAC,85,Medium,36,94,40250,12,0.96,1.48,74,78,9,9,6,11.84,60648,1118,96
MAT_0185,Protective Fillers (Paper/Biodegradable),Paper/Bio-Based,"Fragile Items, Cosmetics, Pharmaceuticals, Internal Component Protection",Void-fill and cushioning for fragile products,APAC,99,High,89,31,104,3,0.52,0.29,66,91,2,2,3,1.96,75069,637,79
MAT_0186,Cardboard Boxes,Cardboard,"E-commerce, Food & Beverage, Consumer Goods, Apparel",Last-mile delivery and primary e-commerce packaging,ROW,97,High,81,49,209,5,0.85,0.53,61,90,5,3,3,3.06,99778,745,86
MAT_0187,Plastic Totes & Pallets,Plastic,"Industrial Components, Heavy Machinery, Automotive Parts",Closed-loop logistics and bulk material handling,AMERICAS,90,Medium,48,93,33525,11,1.15,1.53,82,90,7,8,6,15.74,52785,1083,93
MAT_0188,Foldable & Stackable Containers,Plastic,"Electronics, Medium-Value Goods, Retail Logistics",Cross-docking and returnable packaging programs,APAC,85,Medium,44,87,35850,13,1.08,1.48,79,83,9,8,8,11.55,59371,1147,89
MAT_0189,Steel Racks & Containers,Steel,"Heavy Industrial Components, High-Security Goods","Secure, high-load international shipping and long-term storage",ROW,94,High,72,99,103598,8,3.48,2.83,85,76,8,9,9,24.62,21703,5063,90
MAT_0190,Plastic Totes & Pallets,Plastic,"Industrial Components, Heavy Machinery, Automotive Parts",Closed-loop logistics and bulk material handling,EMEA,95,Medium,49,94,76964,10,1.21,1.45,78,82,8,9,6,14.65,49673,998,92
MAT_0191,Plastic Totes & Pallets,Plastic,"Industrial Components, Heavy Machinery, Automotive Parts",Closed-loop logistics and bulk material handling,EMEA,91,Medium,50,96,40050,10,1.08,1.48,81,90,7,7,6,15.25,50106,1088,96
MAT_0192,Bubble Wrap (Minimal Use),Plastic,"Low-Value Goods, Secondary Protection for Non-Fragile Items",Surface protection during transit; minimal void-fill,APAC,62,Medium,23,12,74533,25,1.95,1.52,28,59,8,7,7,1.5,30291,257,67
MAT_0193,Cardboard Boxes,Cardboard,"E-commerce, Food & Beverage, Consumer Goods, Apparel",Last-mile delivery and primary e-commerce packaging,EU,98,High,77,48,252,5,0.88,0.54,64,91,6,4,4,2.78,100650,782,85
MAT_0194,Foldable & Stackable Containers,Plastic,"Electronics, Medium-Value Goods, Retail Logistics",Cross-docking and returnable packaging programs,APAC,86,Medium,41,86,52150,13,1.07,1.46,79,83,8,9,6,12.72,59942,1268,90
MAT_0195,Steel Racks & Containers,Steel,"Heavy Industrial Components, High-Security Goods","Secure, high-load international shipping and long-term storage",AMERICAS,88,High,73,98,157790,7,3.67,3.13,83,72,8,10,9,24.33,20573,4938,91
MAT_0196,Cardboard Boxes,Cardboard,"E-commerce, Food & Beverage, Consumer Goods, Apparel",Last-mile delivery and primary e-commerce packaging,ROW,97,High,78,51,332,6,0.85,0.52,65,86,4,3,3,2.94,102220,740,84
MAT_0197,Protective Fillers (Paper/Biodegradable),Paper/Bio-Based,"Fragile Items, Cosmetics, Pharmaceuticals, Internal Component Protection",Void-fill and cushioning for fragile products,ROW,100,High,88,34,179,3,0.56,0.3,69,96,2,3,4,2.5,76742,674,78
MAT_0198,Plastic Totes & Pallets,Plastic,"Industrial Components, Heavy Machinery, Automotive Parts",Closed-loop logistics and bulk material handling,EMEA,94,Medium,47,93,33532,10,1.15,1.47,80,91,9,7,6,14.4,51174,959,97
MAT_0199,Cardboard Boxes,Cardboard,"E-commerce, Food & Beverage, Consumer Goods, Apparel",Last-mile delivery and primary e-commerce packaging,LATAM,96,High,84,47,355,5,0.72,0.47,59,90,5,3,3,3.05,102073,901,91
MAT_0200,Plastic Totes & Pallets,Plastic,"Industrial Components, Heavy Machinery, Automotive Parts",Closed-loop logistics and bulk material handling,ROW,87,Medium,50,95,31940,11,1.15,1.57,80,86,9,8,7,14.41,47587,975,89
MAT_0201,Foldable & Stackable Containers,Plastic,"Electronics, Medium-Value Goods, Retail Logistics",Cross-docking and returnable packaging programs,AMERICAS,82,Medium,41,89,69350,12,1.01,1.52,78,83,8,8,7,11.28,62593,1284,90
MAT_0202,Cardboard Boxes,Cardboard,"E-commerce, Food & Beverage, Consumer Goods, Apparel",Last-mile delivery and primary e-commerce packaging,AMERICAS,99,High,80,51,230,5,0.73,0.5,62,85,4,4,4,3.07,98791,732,83
MAT_0203,Cardboard Boxes,Cardboard,"E-commerce, Food & Beverage, Consumer Goods, Apparel",Last-mile delivery and primary e-commerce packaging,LATAM,100,High,78,47,157,5,0.92,0.53,58,90,4,3,3,2.77,100871,847,90
MAT_0204,Plastic Totes & Pallets,Plastic,"Industrial Components, Heavy Machinery, Automotive Parts",Closed-loop logistics and bulk material handling,LATAM,94,Medium,51,96,40031,10,1.13,1.44,79,83,9,9,7,14.59,44696,1041,98
MAT_0205,Foldable & Stackable Containers,Plastic,"Electronics, Medium-Value Goods, Retail Logistics",Cross-docking and returnable packaging programs,EU,94,Medium,42,94,46640,12,1.06,1.46,75,75,8,8,8,11.69,54650,1189,88
MAT_0206,Plastic Totes & Pallets,Plastic,"Industrial Components, Heavy Machinery, Automotive Parts",Closed-loop logistics and bulk material handling,APAC,90,Medium,47,97,41427,10,1.18,1.45,82,87,9,7,6,15.76,48866,1053,97
MAT_0207,Bubble Wrap (Minimal Use),Plastic,"Low-Value Goods, Secondary Protection for Non-Fragile Items",Surface protection during transit; minimal void-fill,ROW,68,Medium,30,12,65985,25,2.05,1.57,32,63,8,9,6,1.86,30397,298,69
MAT_0208,Foldable & Stackable Containers,Plastic,"Electronics, Medium-Value Goods, Retail Logistics",Cross-docking and returnable packaging programs,LATAM,84,Medium,40,92,60408,12,1.06,1.43,76,77,9,8,7,12.01,57077,1087,88
MAT_0209,Steel Racks & Containers,Steel,"Heavy Industrial Components, High-Security Goods","Secure, high-load international shipping and long-term storage",APAC,97,High,70,98,90587,8,3.58,3.13,83,76,8,10,10,25.43,21272,4976,93
MAT_0210,Plastic Totes & Pallets,Plastic,"Industrial Components, Heavy Machinery, Automotive Parts",Closed-loop logistics and bulk material handling,APAC,90,Medium,52,99,25270,10,1.18,1.42,80,82,7,7,7,14.28,48512,1065,95
MAT_0211,Cardboard Boxes,Cardboard,"E-commerce, Food & Beverage, Consumer Goods, Apparel",Last-mile delivery and primary e-commerce packaging,EMEA,100,High,77,48,154,5,0.76,0.51,60,91,5,4,4,2.98,103323,737,85
MAT_0212,Protective Fillers (Paper/Biodegradable),Paper/Bio-Based,"Fragile Items, Cosmetics, Pharmaceuticals, Internal Component Protection",Void-fill and cushioning for fragile products,AMERICAS,100,High,85,32,104,2,0.47,0.3,64,95,3,2,3,1.83,78051,715,84
MAT_0213,Cardboard Boxes,Cardboard,"E-commerce, Food & Beverage, Consumer Goods, Apparel",Last-mile delivery and primary e-commerce packaging,ROW,96,High,81,50,201,5,0.74,0.51,61,90,5,4,4,2.6,99953,717,85
MAT_0214,Foldable & Stackable Containers,Plastic,"Electronics, Medium-Value Goods, Retail Logistics",Cross-docking and returnable packaging programs,APAC,84,Medium,42,89,50911,11,0.92,1.38,77,82,7,8,8,11.34,60692,1224,90
MAT_0215,Plastic Totes & Pallets,Plastic,"Industrial Components, Heavy Machinery, Automotive Parts",Closed-loop logistics and bulk material handling,LATAM,82,Medium,48,93,29304,11,1.18,1.52,79,83,7,9,7,15.11,51095,966,93
MAT_0216,Cardboard Boxes,Cardboard,"E-commerce, Food & Beverage, Consumer Goods, Apparel",Last-mile delivery and primary e-commerce packaging,APAC,97,High,75,44,211,5,0.85,0.5,61,89,5,4,4,3.77,98647,753,93
MAT_0217,Plastic Totes & Pallets,Plastic,"Industrial Components, Heavy Machinery, Automotive Parts",Closed-loop logistics and bulk material handling,LATAM,93,Medium,50,97,32911,10,1.2,1.52,80,90,8,7,7,14.55,46054,1003,100
MAT_0218,Protective Fillers (Paper/Biodegradable),Paper/Bio-Based,"Fragile Items, Cosmetics, Pharmaceuticals, Internal Component Protection",Void-fill and cushioning for fragile products,LATAM,100,High,92,30,141,3,0.5,0.3,65,93,2,2,3,1.6,73892,525,85
MAT_0219,Plastic Totes & Pallets,Plastic,"Industrial Components, Heavy Machinery, Automotive Parts",Closed-loop logistics and bulk material handling,EMEA,95,Medium,50,96,25244,11,1.18,1.46,78,82,8,7,7,14.41,49673,995,86
MAT_0220,Cardboard Boxes,Cardboard,"E-commerce, Food & Beverage, Consumer Goods, Apparel",Last-mile delivery and primary e-commerce packaging,AMERICAS,99,High,78,50,197,5,0.77,0.48,59,83,5,4,4,3.87,96646,743,87
MAT_0221,Cardboard Boxes,Cardboard,"E-commerce, Food & Beverage, Consumer Goods, Apparel",Last-mile delivery and primary e-commerce packaging,EMEA,100,High,80,48,252,6,0.76,0.5,64,91,4,4,4,2.78,100650,782,85
MAT_0222,Foldable & Stackable Containers,Plastic,"Electronics, Medium-Value Goods, Retail Logistics",Cross-docking and returnable packaging programs,EU,95,Medium,42,87,37036,13,0.92,1.47,72,83,9,9,7,12.72,57467,1176,96
MAT_0223,Protective Fillers (Paper/Biodegradable),Paper/Bio-Based,"Fragile Items, Cosmetics, Pharmaceuticals, Internal Component Protection",Void-fill and cushioning for fragile products,LATAM,100,High,91,33,122,2,0.5,0.29,68,91,1,2,3,2.02,77375,549,85
MAT_0224,Cardboard Boxes,Cardboard,"E-commerce, Food & Beverage, Consumer Goods, Apparel",Last-mile delivery and primary e-commerce packaging,APAC,96,High,82,50,154,5,0.85,0.5,60,90,5,3,4,3.22,96860,862,86
MAT_0225,Bubble Wrap (Minimal Use),Plastic,"Low-Value Goods, Secondary Protection for Non-Fragile Items",Surface protection during transit; minimal void-fill,LATAM,73,Medium,30,12,31602,26,1.96,1.4,30,56,9,7,6,1.42,31018,171,70
MAT_0226,Foldable & Stackable Containers,Plastic,"Electronics, Medium-Value Goods, Retail Logistics",Cross-docking and returnable packaging programs,APAC,85,Medium,38,87,52407,12,0.92,1.47,75,81,9,9,7,12.45,56902,1222,97
MAT_0227,Cardboard Boxes,Cardboard,"E-commerce, Food & Beverage, Consumer Goods, Apparel",Last-mile delivery and primary e-commerce packaging,APAC,99,High,83,49,275,6,0.81,0.5,65,89,5,3,5,3.18,100778,819,92
MAT_0228,Cardboard Boxes,Cardboard,"E-commerce, Food & Beverage, Consumer Goods, Apparel",Last-mile delivery and primary e-commerce packaging,EU,100,High,80,50,230,5,0.73,0.49,60,85,5,5,4,3.07,98791,732,83
MAT_0229,Plastic Totes & Pallets,Plastic,"Industrial Components, Heavy Machinery, Automotive Parts",Closed-loop logistics and bulk material handling,LATAM,90,Medium,48,99,42997,10,1.21,1.52,76,82,9,7,7,14.94,48860,978,86
MAT_0230,Steel Racks & Containers,Steel,"Heavy Industrial Components, High-Security Goods","Secure, high-load international shipping and long-term storage",AMERICAS,88,High,71,97,99557,8,3.6,3.02,83,73,9,9,10,25.68,19707,5063,94
MAT_0231,Cardboard Boxes,Cardboard,"E-commerce, Food & Beverage, Consumer Goods, Apparel",Last-mile delivery and primary e-commerce packaging,AMERICAS,97,High,77,48,250,5,0.72,0.5,61,90,5,4,4,3.39,100328,741,87
MAT_0232,Protective Fillers (Paper/Biodegradable),Paper/Bio-Based,"Fragile Items, Cosmetics, Pharmaceuticals, Internal Component Protection",Void-fill and cushioning for fragile products,LATAM,100,High,88,29,133,3,0.52,0.29,66,98,2,2,3,1.76,75226,663,82
MAT_0233,Foldable & Stackable Containers,Plastic,"Electronics, Medium-Value Goods, Retail Logistics",Cross-docking and returnable packaging programs,LATAM,84,Medium,41,86,52150,13,1.06,1.48,77,78,7,9,8,12.72,59942,1268,90
MAT_0234,Bubble Wrap (Minimal Use),Plastic,"Low-Value Goods, Secondary Protection for Non-Fragile Items",Surface protection during transit; minimal void-fill,APAC,62,Medium,23,12,74533,25,1.99,1.52,32,60,7,8,6,1.5,30291,257,67
MAT_0235,Cardboard Boxes,Cardboard,"E-commerce, Food & Beverage, Consumer Goods, Apparel",Last-mile delivery and primary e-commerce packaging,EMEA,100,High,81,50,201,5,0.85,0.53,60,89,6,3,4,2.6,99953,717,85
MAT_0236,Plastic Totes & Pallets,Plastic,"Industrial Components, Heavy Machinery, Automotive Parts",Closed-loop logistics and bulk material handling,AMERICAS,86,Medium,50,96,25270,11,1.15,1.56,76,82,8,8,7,14.28,48512,1065,95
MAT_0237,Cardboard Boxes,Cardboard,"E-commerce, Food & Beverage, Consumer Goods, Apparel",Last-mile delivery and primary e-commerce packaging,LATAM,98,High,77,46,169,5,0.78,0.5,58,87,6,4,5,2.82,96624,825,90
MAT_0238,Cardboard Boxes,Cardboard,"E-commerce, Food & Beverage, Consumer Goods, Apparel",Last-mile delivery and primary e-commerce packaging,AMERICAS,99,High,81,52,242,5,0.79,0.53,60,90,5,4,4,3.14,103063,782,88
MAT_0239,Foldable & Stackable Containers,Plastic,"Electronics, Medium-Value Goods, Retail Logistics",Cross-docking and returnable packaging programs,LATAM,84,Medium,36,94,40250,13,0.92,1.52,79,78,9,9,6,11.84,60648,1118,96
MAT_0240,Plastic Totes & Pallets,Plastic,"Industrial Components, Heavy Machinery, Automotive Parts",Closed-loop logistics and bulk material handling,EU,86,Medium,50,95,31940,10,1.17,1.46,83,86,7,7,7,14.41,47587,975,89
MAT_0241,Plastic Totes & Pallets,Plastic,"Industrial Components, Heavy Machinery, Automotive Parts",Closed-loop logistics and bulk material handling,APAC,90,Medium,48,93,33525,11,1.18,1.43,80,90,8,7,7,15.74,52785,1053,97
MAT_0242,Cardboard Boxes,Cardboard,"E-commerce, Food & Beverage, Consumer Goods, Apparel",Last-mile delivery and primary e-commerce packaging,EU,100,High,82,53,291,5,0.78,0.5,59,93,5,4,4,2.81,97201,880,85
MAT_0243,Cardboard Boxes,Cardboard,"E-commerce, Food & Beverage, Consumer Goods, Apparel",Last-mile delivery and primary e-commerce packaging,LATAM,97,High,76,51,332,6,0.79,0.53,60,86,5,3,4,2.94,102220,740,84
MAT_0244,Steel Racks & Containers,Steel,"Heavy Industrial Components, High-Security Goods","Secure, high-load international shipping and long-term storage",AMERICAS,95,High,71,97,90587,8,3.58,3.15,83,76,8,9,8,25.43,21272,4976,93
MAT_0245,Protective Fillers (Paper/Biodegradable),Paper/Bio-Based,"Fragile Items, Cosmetics, Pharmaceuticals, Internal Component Protection",Void-fill and cushioning for fragile products,APAC,94,High,87,36,171,2,0.47,0.29,67,91,3,3,3,1.23,76655,523,78
MAT_0246,Plastic Totes & Pallets,Plastic,"Industrial Components, Heavy Machinery, Automotive Parts",Closed-loop logistics and bulk material handling,EMEA,90,Medium,48,94,76964,10,1.15,1.52,75,82,9,7,6,14.65,49673,998,92
MAT_0247,Foldable & Stackable Containers,Plastic,"Electronics, Medium-Value Goods, Retail Logistics",Cross-docking and returnable packaging programs,LATAM,87,Medium,44,87,35850,13,1.06,1.41,74,83,9,8,8,11.55,59371,1147,89
MAT_0248,Bubble Wrap (Minimal Use),Plastic,"Low-Value Goods, Secondary Protection for Non-Fragile Items",Surface protection during transit; minimal void-fill,EMEA,73,Medium,30,12,31602,25,2.05,1.48,31,56,8,7,7,1.42,31018,171,70
MAT_0249,Plastic Totes & Pallets,Plastic,"Industrial Components, Heavy Machinery, Automotive Parts",Closed-loop logistics and bulk material handling,ROW,94,Medium,50,96,40050,10,1.21,1.53,79,90,8,7,6,15.25,50106,1088,96
MAT_0250,Steel Racks & Containers,Steel,"Heavy Industrial Components, High-Security Goods","Secure, high-load international shipping and long-term storage",APAC,97,High,73,98,157790,8,3.48,2.8,85,73,9,10,10,24.33,20573,4938,91
MAT_0251,Cardboard Boxes,Cardboard,"E-commerce, Food & Beverage, Consumer Goods, Apparel",Last-mile delivery and primary e-commerce packaging,EU,98,High,77,48,250,6,0.72,0.48,61,90,4,4,5,3.39,100328,741,87
MAT_0252,Protective Fillers (Paper/Biodegradable),Paper/Bio-Based,"Fragile Items, Cosmetics, Pharmaceuticals, Internal Component Protection",Void-fill and cushioning for fragile products,AMERICAS,100,High,88,29,133,2,0.5,0.3,66,98,1,3,2,1.76,75226,663,82
MAT_0253,Plastic Totes & Pallets,Plastic,"Industrial Components, Heavy Machinery, Automotive Parts",Closed-loop logistics and bulk material handling,AMERICAS,92,Medium,48,99,42997,10,1.15,1.38,80,82,8,8,7,14.94,48860,978,86
MAT_0254,Cardboard Boxes,Cardboard,"E-commerce, Food & Beverage, Consumer Goods, Apparel",Last-mile delivery and primary e-commerce packaging,ROW,100,High,78,47,157,5,0.76,0.49,61,90,6,3,4,2.77,100871,847,90
MAT_0255,Plastic Totes & Pallets,Plastic,"Industrial Components, Heavy Machinery, Automotive Parts",Closed-loop logistics and bulk material handling,EU,88,Medium,47,97,33532,10,1.06,1.44,79,91,7,8,6,14.4,51174,959,97
MAT_0256,Foldable & Stackable Containers,Plastic,"Electronics, Medium-Value Goods, Retail Logistics",Cross-docking and returnable packaging programs,ROW,87,Medium,36,92,10935,13,0.95,1.56,76,81,8,7,7,12.59,62098,1250,91
MAT_0257,Cardboard Boxes,Cardboard,"E-commerce, Food & Beverage, Consumer Goods, Apparel",Last-mile delivery and primary e-commerce packaging,APAC,97,High,76,51,332,6,0.73,0.5,60,86,5,4,4,2.94,102220,740,84
MAT_0258,Plastic Totes & Pallets,Plastic,"Industrial Components, Heavy Machinery, Automotive Parts",Closed-loop logistics and bulk material handling,ROW,90,Medium,50,95,30911,10,1.21,1.5,81,85,9,7,6,14.68,52156,1010,95
MAT_0259,Protective Fillers (Paper/Biodegradable),Paper/Bio-Based,"Fragile Items, Cosmetics, Pharmaceuticals, Internal Component Protection",Void-fill and cushioning for fragile products,AMERICAS,99,High,89,31,104,2,0.52,0.31,66,91,2,3,2,1.96,75069,637,79
MAT_0260,Cardboard Boxes,Cardboard,"E-commerce, Food & Beverage, Consumer Goods, Apparel",Last-mile delivery and primary e-commerce packaging,EMEA,94,High,79,48,154,5,0.92,0.53,59,90,5,5,4,3.22,96860,862,86
MAT_0261,Bubble Wrap (Minimal Use),Plastic,"Low-Value Goods, Secondary Protection for Non-Fragile Items",Surface protection during transit; minimal void-fill,EU,76,Medium,30,8,64044,25,2.14,1.44,32,60,9,7,7,1.18,27055,315,72
MAT_0262,Plastic Totes & Pallets,Plastic,"Industrial Components, Heavy Machinery, Automotive Parts",Closed-loop logistics and bulk material handling,ROW,95,Medium,50,96,25244,11,1.14,1.42,80,82,8,7,7,14.41,49673,995,86
MAT_0263,Cardboard Boxes,Cardboard,"E-commerce, Food & Beverage, Consumer Goods, Apparel",Last-mile delivery and primary e-commerce packaging,EMEA,100,High,81,52,242,5,0.79,0.53,63,93,6,3,5,3.14,103063,782,88
MAT_0264,Foldable & Stackable Containers,Plastic,"Electronics, Medium-Value Goods, Retail Logistics",Cross-docking and returnable packaging programs,APAC,84,Medium,41,89,69350,13,1.06,1.46,72,83,7,9,8,11.28,62593,1284,90
MAT_0265,Protective Fillers (Paper/Biodegradable),Paper/Bio-Based,"Fragile Items, Cosmetics, Pharmaceuticals, Internal Component Protection",Void-fill and cushioning for fragile products,EMEA,100,High,92,30,141,3,0.5,0.3,65,93,3,3,3,1.6,73892,525,85
MAT_0266,Cardboard Boxes,Cardboard,"E-commerce, Food & Beverage, Consumer Goods, Apparel",Last-mile delivery and primary e-commerce packaging,LATAM,94,High,79,48,154,5,0.92,0.51,60,90,6,3,4,3.22,96860,862,86
MAT_0267,Foldable & Stackable Containers,Plastic,"Electronics, Medium-Value Goods, Retail Logistics",Cross-docking and returnable packaging programs,EMEA,82,Medium,41,86,52150,13,0.92,1.42,76,78,9,8,8,12.72,59942,1268,90
MAT_0268,Plastic Totes & Pallets,Plastic,"Industrial Components, Heavy Machinery, Automotive Parts",Closed-loop logistics and bulk material handling,AMERICAS,90,Medium,48,93,33525,10,1.21,1.52,79,90,8,7,7,15.74,52785,1053,97
MAT_0269,Steel Racks & Containers,Steel,"Heavy Industrial Components, High-Security Goods","Secure, high-load international shipping and long-term storage",AMERICAS,97,High,72,99,103598,8,3.56,2.97,85,76,9,9,9,24.62,21703,5063,90
MAT_0270,Cardboard Boxes,Cardboard,"E-commerce, Food & Beverage, Consumer Goods, Apparel",Last-mile delivery and primary e-commerce packaging,EU,99,High,78,50,197,5,0.85,0.51,61,83,6,4,5,3.87,96646,743,87
MAT_0271,Foldable & Stackable Containers,Plastic,"Electronics, Medium-Value Goods, Retail Logistics",Cross-docking and returnable packaging programs,AMERICAS,95,Medium,42,94,46640,12,0.98,1.5,74,75,9,9,7,11.69,54650,1189,88
MAT_0272,Plastic Totes & Pallets,Plastic,"Industrial Components, Heavy Machinery, Automotive Parts",Closed-loop logistics and bulk material handling,ROW,92,Medium,48,99,42997,10,1.15,1.52,78,82,7,7,6,14.94,48860,978,86
MAT_0273,Cardboard Boxes,Cardboard,"E-commerce, Food & Beverage, Consumer Goods, Apparel",Last-mile delivery and primary e-commerce packaging,AMERICAS,98,High,77,46,169,4,0.72,0.52,61,87,5,3,4,2.82,96624,825,90
MAT_0274,Cardboard Boxes,Cardboard,"E-commerce, Food & Beverage, Consumer Goods, Apparel",Last-mile delivery and primary e-commerce packaging,LATAM,100,High,77,53,153,5,0.85,0.5,60,84,5,4,4,2.83,101569,765,86
MAT_0275,Foldable & Stackable Containers,Plastic,"Electronics, Medium-Value Goods, Retail Logistics",Cross-docking and returnable packaging programs,ROW,87,Medium,44,87,35850,13,1.06,1.48,79,83,8,8,7,11.55,59371,1147,89
MAT_0276,Plastic Totes & Pallets,Plastic,"Industrial Components, Heavy Machinery, Automotive Parts",Closed-loop logistics and bulk material handling,AMERICAS,88,Medium,50,96,40050,10,1.18,1.52,79,90,7,8,7,15.25,50106,1088,96
MAT_0277,Cardboard Boxes,Cardboard,"E-commerce, Food & Beverage, Consumer Goods, Apparel",Last-mile delivery and primary e-commerce packaging,EU,100,High,81,50,209,5,0.73,0.51,64,91,5,4,4,3.06,99778,745,86
MAT_0278,Foldable & Stackable Containers,Plastic,"Electronics, Medium-Value Goods, Retail Logistics",Cross-docking and returnable packaging programs,APAC,87,Medium,40,92,60408,12,1.06,1.55,75,77,8,7,7,12.01,57077,1087,88
MAT_0279,Plastic Totes & Pallets,Plastic,"Industrial Components, Heavy Machinery, Automotive Parts",Closed-loop logistics and bulk material handling,LATAM,94,Medium,50,96,25244,11,1.18,1.41,78,82,9,7,6,14.41,49673,995,86
MAT_0280,Steel Racks & Containers,Steel,"Heavy Industrial Components, High-Security Goods","Secure, high-load international shipping and long-term storage",LATAM,96,High,73,98,157790,7,3.67,3.02,83,72,8,10,9,24.33,20573,4938,91
MAT_0281,Cardboard Boxes,Cardboard,"E-commerce, Food & Beverage, Consumer Goods, Apparel",Last-mile delivery and primary e-commerce packaging,AMERICAS,96,High,78,50,197,6,0.85,0.5,59,83,4,4,5,3.87,96646,743,87
MAT_0282,Plastic Totes & Pallets,Plastic,"Industrial Components, Heavy Machinery, Automotive Parts",Closed-loop logistics and bulk material handling,EMEA,90,Medium,50,95,30911,10,1.2,1.55,81,85,7,7,6,14.68,52156,1010,95
MAT_0283,Cardboard Boxes,Cardboard,"E-commerce, Food & Beverage, Consumer Goods, Apparel",Last-mile delivery and primary e-commerce packaging,APAC,99,High,82,53,291,5,0.73,0.51,60,93,6,4,4,2.81,97201,880,85
MAT_0284,Foldable & Stackable Containers,Plastic,"Electronics, Medium-Value Goods, Retail Logistics",Cross-docking and returnable packaging programs,AMERICAS,85,Medium,38,87,52407,12,0.92,1.52,78,81,8,9,8,12.45,56902,1222,97
MAT_0285,Cardboard Boxes,Cardboard,"E-commerce, Food & Beverage, Consumer Goods, Apparel",Last-mile delivery and primary e-commerce packaging,LATAM,98,High,79,48,154,5,0.85,0.53,59,90,5,3,3,3.22,96860,862,86
MAT_0286,Plastic Totes & Pallets,Plastic,"Industrial Components, Heavy Machinery, Automotive Parts",Closed-loop logistics and bulk material handling,ROW,92,Medium,48,93,29304,10,1.12,1.52,79,83,8,7,7,15.11,51095,966,93
MAT_0287,Cardboard Boxes,Cardboard,"E-commerce, Food & Beverage, Consumer Goods, Apparel",Last-mile delivery and primary e-commerce packaging,EU,98,High,77,48,250,5,0.72,0.47,62,90,5,5,4,3.39,100328,741,87
MAT_0288,Foldable & Stackable Containers,Plastic,"Electronics, Medium-Value Goods, Retail Logistics",Cross-docking and returnable packaging programs,ROW,88,Medium,41,89,69350,13,1.01,1.57,75,83,9,8,8,11.28,62593,1284,90
MAT_0289,Cardboard Boxes,Cardboard,"E-commerce, Food & Beverage, Consumer Goods, Apparel",Last-mile delivery and primary e-commerce packaging,AMERICAS,100,High,78,47,157,5,0.92,0.52,61,90,4,3,3,2.77,100871,847,90
MAT_0290,Plastic Totes & Pallets,Plastic,"Industrial Components, Heavy Machinery, Automotive Parts",Closed-loop logistics and bulk material handling,LATAM,87,Medium,47,93,33532,11,1.15,1.5,82,91,7,8,6,14.4,51174,959,97
MAT_0291,Foldable & Stackable Containers,Plastic,"Electronics, Medium-Value Goods, Retail Logistics",Cross-docking and returnable packaging programs,APAC,82,Medium,41,86,52150,12,1.07,1.48,76,78,7,9,8,12.72,59942,1268,90
MAT_0292,Cardboard Boxes,Cardboard,"E-commerce, Food & Beverage, Consumer Goods, Apparel",Last-mile delivery and primary e-commerce packaging,LATAM,100,High,81,50,201,6,0.73,0.53,60,89,5,3,3,2.6,99953,717,85
MAT_0293,Plastic Totes & Pallets,Plastic,"Industrial Components, Heavy Machinery, Automotive Parts",Closed-loop logistics and bulk material handling,ROW,88,Medium,49,94,76964,10,1.19,1.4,75,82,8,7,6,14.65,49673,998,92
MAT_0294,Cardboard Boxes,Cardboard,"E-commerce, Food & Beverage, Consumer Goods, Apparel",Last-mile delivery and primary e-commerce packaging,EMEA,97,High,76,51,332,5,0.79,0.5,60,86,6,4,5,2.94,102220,740,84
MAT_0295,Foldable & Stackable Containers,Plastic,"Electronics, Medium-Value Goods, Retail Logistics",Cross-docking and returnable packaging programs,ROW,87,Medium,44,87,35850,13,1.08,1.48,79,83,9,8,8,11.55,59371,1147,89
MAT_0296,Plastic Totes & Pallets,Plastic,"Industrial Components, Heavy Machinery, Automotive Parts",Closed-loop logistics and bulk material handling,EU,85,Medium,48,93,29304,11,1.12,1.5,81,83,7,7,7,15.11,51095,966,93
MAT_0297,Cardboard Boxes,Cardboard,"E-commerce, Food & Beverage, Consumer Goods, Apparel",Last-mile delivery and primary e-commerce packaging,APAC,99,High,82,53,291,5,0.73,0.53,60,93,4,4,4,2.81,97201,880,85
MAT_0298,Foldable & Stackable Containers,Plastic,"Electronics, Medium-Value Goods, Retail Logistics",Cross-docking and returnable packaging programs,LATAM,95,Medium,42,94,46640,12,0.92,1.5,74,75,8,8,8,11.69,54650,1189,88
MAT_0299,Plastic Totes & Pallets,Plastic,"Industrial Components, Heavy Machinery, Automotive Parts",Closed-loop logistics and bulk material handling,APAC,85,Medium,50,96,40050,10,1.21,1.44,79,90,9,7,6,15.25,50106,1088,96
MAT_0300,Cardboard Boxes,Cardboard,"E-commerce, Food & Beverage, Consumer Goods, Apparel",Last-mile delivery and primary e-commerce packaging,LATAM,99,High,78,50,197,5,0.77,0.49,61,83,6,3,4,3.87,96646,743,87
MAT_0301,Foldable & Stackable Containers,Plastic,"Electronics, Medium-Value Goods, Retail Logistics",Cross-docking and returnable packaging programs,EMEA,85,Medium,38,87,52407,12,1.01,1.43,75,81,9,8,7,12.45,56902,1222,97
MAT_0302,Plastic Totes & Pallets,Plastic,"Industrial Components, Heavy Machinery, Automotive Parts",Closed-loop logistics and bulk material handling,ROW,95,Medium,48,99,42997,11,1.22,1.52,80,82,7,8,6,14.94,48860,978,86
MAT_0303,Cardboard Boxes,Cardboard,"E-commerce, Food & Beverage, Consumer Goods, Apparel",Last-mile delivery and primary e-commerce packaging,EMEA,100,High,77,46,169,5,0.85,0.52,65,87,4,4,5,2.82,96624,825,90
MAT_0304,Foldable & Stackable Containers,Plastic,"Electronics, Medium-Value Goods, Retail Logistics",Cross-docking and returnable packaging programs,AMERICAS,82,Medium,40,92,60408,12,1,1.53,74,77,9,8,8,12.01,57077,1087,88
MAT_0305,Plastic Totes & Pallets,Plastic,"Industrial Components, Heavy Machinery, Automotive Parts",Closed-loop logistics and bulk material handling,EU,90,Medium,50,95,30911,11,1.15,1.5,82,85,8,7,7,14.68,52156,1010,95
MAT_0306,Cardboard Boxes,Cardboard,"E-commerce, Food & Beverage, Consumer Goods, Apparel",Last-mile delivery and primary e-commerce packaging,ROW,100,High,78,47,157,5,0.72,0.51,61,90,5,3,3,2.77,100871,847,90
MAT_0307,Foldable & Stackable Containers,Plastic,"Electronics, Medium-Value Goods, Retail Logistics",Cross-docking and returnable packaging programs,APAC,88,Medium,36,94,40250,12,0.96,1.45,77,78,9,9,6,11.84,60648,1118,96
MAT_0308,Plastic Totes & Pallets,Plastic,"Industrial Components, Heavy Machinery, Automotive Parts",Closed-loop logistics and bulk material handling,LATAM,87,Medium,49,94,76964,10,1.19,1.48,75,82,8,9,7,14.65,49673,998,92
MAT_0309,Cardboard Boxes,Cardboard,"E-commerce, Food & Beverage, Consumer Goods, Apparel",Last-mile delivery and primary e-commerce packaging,AMERICAS,100,High,81,50,209,6,0.79,0.51,60,91,4,4,4,3.06,99778,745,86
MAT_0310,Plastic Totes & Pallets,Plastic,"Industrial Components, Heavy Machinery, Automotive Parts",Closed-loop logistics and bulk material handling,ROW,90,Medium,47,97,33532,11,1.06,1.47,81,91,9,8,7,14.4,51174,959,97
MAT_0311,Cardboard Boxes,Cardboard,"E-commerce, Food & Beverage, Consumer Goods, Apparel",Last-mile delivery and primary e-commerce packaging,EU,99,High,79,48,154,5,0.85,0.51,60,90,6,3,5,3.22,96860,862,86
MAT_0312,Plastic Totes & Pallets,Plastic,"Industrial Components, Heavy Machinery, Automotive Parts",Closed-loop logistics and bulk material handling,APAC,85,Medium,48,93,29304,11,1.18,1.36,81,83,9,8,6,15.11,51095,966,93
MAT_0313,Cardboard Boxes,Cardboard,"E-commerce, Food & Beverage, Consumer Goods, Apparel",Last-mile delivery and primary e-commerce packaging,LATAM,100,High,82,53,291,5,0.78,0.5,60,93,5,3,3,2.81,97201,880,85
MAT_0314,Plastic Totes & Pallets,Plastic,"Industrial Components, Heavy Machinery, Automotive Parts",Closed-loop logistics and bulk material handling,AMERICAS,95,Medium,48,96,25244,11,1.18,1.49,79,82,7,8,7,14.41,49673,995,86
MAT_0315,Cardboard Boxes,Cardboard,"E-commerce, Food & Beverage, Consumer Goods, Apparel",Last-mile delivery and primary e-commerce packaging,EU,97,High,76,51,332,6,0.73,0.52,62,86,5,5,4,2.94,102220,740,84
MAT_0316,Plastic Totes & Pallets,Plastic,"Industrial Components, Heavy Machinery, Automotive Parts",Closed-loop logistics and bulk material handling,LATAM,88,Medium,50,96,40050,11,1.21,1.47,80,90,8,7,6,15.25,50106,1088,96
MAT_0317,Cardboard Boxes,Cardboard,"E-commerce, Food & Beverage, Consumer Goods, Apparel",Last-mile delivery and primary e-commerce packaging,AMERICAS,99,High,81,52,242,5,0.79,0.5,60,90,5,3,4,3.14,103063,782,88
MAT_0318,Plastic Totes & Pallets,Plastic,"Industrial Components, Heavy Machinery, Automotive Parts",Closed-loop logistics and bulk material handling,EU,85,Medium,50,97,32911,10,1.2,1.55,81,90,9,8,7,14.55,46054,1003,100
MAT_0319,Cardboard Boxes,Cardboard,"E-commerce, Food & Beverage, Consumer Goods, Apparel",Last-mile delivery and primary e-commerce packaging,ROW,98,High,77,46,169,4,0.78,0.51,60,87,6,3,3,2.82,96624,825,90
MAT_0320,Plastic Totes & Pallets,Plastic,"Industrial Components, Heavy Machinery, Automotive Parts",Closed-loop logistics and bulk material handling,APAC,90,Medium,50,95,30911,10,1.15,1.46,79,85,8,8,7,14.68,52156,1010,95
MAT_0321,Cardboard Boxes,Cardboard,"E-commerce, Food & Beverage, Consumer Goods, Apparel",Last-mile delivery and primary e-commerce packaging,AMERICAS,96,High,78,50,197,5,0.85,0.49,60,83,5,4,4,3.87,96646,743,87
MAT_0322,Plastic Totes & Pallets,Plastic,"Industrial Components, Heavy Machinery, Automotive Parts",Closed-loop logistics and bulk material handling,ROW,92,Medium,48,99,42997,11,1.15,1.46,78,82,8,8,7,14.94,48860,978,86
MAT_0323,Cardboard Boxes,Cardboard,"E-commerce, Food & Beverage, Consumer Goods, Apparel",Last-mile delivery and primary e-commerce packaging,EU,100,High,78,47,157,5,0.92,0.5,61,90,5,3,5,2.77,100871,847,90
MAT_0324,Plastic Totes & Pallets,Plastic,"Industrial Components, Heavy Machinery, Automotive Parts",Closed-loop logistics and bulk material handling,AMERICAS,88,Medium,47,93,33532,10,1.06,1.4,81,91,7,8,6,14.4,51174,959,97
MAT_0325,Cardboard Boxes,Cardboard,"E-commerce, Food & Beverage, Consumer Goods, Apparel",Last-mile delivery and primary e-commerce packaging,ROW,99,High,81,50,209,6,0.79,0.53,60,91,5,4,4,3.06,99778,745,86
MAT_0326,Plastic Totes & Pallets,Plastic,"Industrial Components, Heavy Machinery, Automotive Parts",Closed-loop logistics and bulk material handling,EMEA,90,Medium,49,94,76964,10,1.21,1.52,75,82,7,8,7,14.65,49673,998,92
MAT_0327,Cardboard Boxes,Cardboard,"E-commerce, Food & Beverage, Consumer Goods, Apparel",Last-mile delivery and primary e-commerce packaging,APAC,94,High,79,48,154,5,0.92,0.5,59,90,6,3,4,3.22,96860,862,86
MAT_0328,Plastic Totes & Pallets,Plastic,"Industrial Components, Heavy Machinery, Automotive Parts",Closed-loop logistics and bulk material handling,LATAM,85,Medium,48,93,29304,11,1.12,1.55,81,83,8,7,7,15.11,51095,966,93
MAT_0329,Cardboard Boxes,Cardboard,"E-commerce, Food & Beverage, Consumer Goods, Apparel",Last-mile delivery and primary e-commerce packaging,AMERICAS,97,High,76,51,332,6,0.79,0.51,62,86,5,3,4,2.94,102220,740,84
MAT_0330,Plastic Totes & Pallets,Plastic,"Industrial Components, Heavy Machinery, Automotive Parts",Closed-loop logistics and bulk material handling,EU,88,Medium,50,96,40050,11,1.15,1.53,80,90,8,7,7,15.25,50106,1088,96
MAT_0331,Cardboard Boxes,Cardboard,"E-commerce, Food & Beverage, Consumer Goods, Apparel",Last-mile delivery and primary e-commerce packaging,ROW,99,High,82,53,291,5,0.73,0.5,60,93,5,4,4,2.81,97201,880,85
MAT_0332,Plastic Totes & Pallets,Plastic,"Industrial Components, Heavy Machinery, Automotive Parts",Closed-loop logistics and bulk material handling,APAC,95,Medium,48,96,25244,11,1.21,1.5,78,82,7,8,6,14.41,49673,995,86
MAT_0333,Cardboard Boxes,Cardboard,"E-commerce, Food & Beverage, Consumer Goods, Apparel",Last-mile delivery and primary e-commerce packaging,LATAM,98,High,77,46,169,4,0.72,0.53,60,87,6,3,5,2.82,96624,825,90
MAT_0334,Plastic Totes & Pallets,Plastic,"Industrial Components, Heavy Machinery, Automotive Parts",Closed-loop logistics and bulk material handling,AMERICAS,88,Medium,47,97,33532,10,1.15,1.48,82,91,9,7,6,14.4,51174,959,97
MAT_0335,Cardboard Boxes,Cardboard,"E-commerce, Food & Beverage, Consumer Goods, Apparel",Last-mile delivery and primary e-commerce packaging,EU,96,High,78,50,197,5,0.77,0.47,60,83,5,5,3,3.87,96646,743,87
MAT_0336,Plastic Totes & Pallets,Plastic,"Industrial Components, Heavy Machinery, Automotive Parts",Closed-loop logistics and bulk material handling,ROW,90,Medium,50,95,30911,11,1.2,1.37,81,85,9,9,7,14.68,52156,1010,95
MAT_0337,Cardboard Boxes,Cardboard,"E-commerce, Food & Beverage, Consumer Goods, Apparel",Last-mile delivery and primary e-commerce packaging,AMERICAS,100,High,78,47,157,5,0.76,0.5,60,90,5,3,4,2.77,100871,847,90
MAT_0338,Plastic Totes & Pallets,Plastic,"Industrial Components, Heavy Machinery, Automotive Parts",Closed-loop logistics and bulk material handling,EU,94,Medium,50,96,40050,11,1.18,1.42,79,90,7,7,7,15.25,50106,1088,96
MAT_0339,Cardboard Boxes,Cardboard,"E-commerce, Food & Beverage, Consumer Goods, Apparel",Last-mile delivery and primary e-commerce packaging,ROW,94,High,79,48,154,5,0.85,0.53,59,90,5,3,3,3.22,96860,862,86
MAT_0340,Plastic Totes & Pallets,Plastic,"Industrial Components, Heavy Machinery, Automotive Parts",Closed-loop logistics and bulk material handling,AMERICAS,85,Medium,48,93,29304,11,1.18,1.52,81,83,7,9,6,15.11,51095,966,93
MAT_0341,Cardboard Boxes,Cardboard,"E-commerce, Food & Beverage, Consumer Goods, Apparel",Last-mile delivery and primary e-commerce packaging,EU,97,High,76,51,332,6,0.79,0.5,60,86,5,4,4,2.94,102220,740,84
MAT_0342,Plastic Totes & Pallets,Plastic,"Industrial Components, Heavy Machinery, Automotive Parts",Closed-loop logistics and bulk material handling,ROW,92,Medium,48,99,42997,10,1.21,1.48,76,82,8,7,7,14.94,48860,978,86
MAT_0343,Cardboard Boxes,Cardboard,"E-commerce, Food & Beverage, Consumer Goods, Apparel",Last-mile delivery and primary e-commerce packaging,AMERICAS,99,High,82,53,291,5,0.78,0.51,60,93,5,4,4,2.81,97201,880,85
MAT_0344,Plastic Totes & Pallets,Plastic,"Industrial Components, Heavy Machinery, Automotive Parts",Closed-loop logistics and bulk material handling,EU,88,Medium,47,97,33532,10,1.15,1.5,82,91,9,7,6,14.4,51174,959,97
MAT_0345,Cardboard Boxes,Cardboard,"E-commerce, Food & Beverage, Consumer Goods, Apparel",Last-mile delivery and primary e-commerce packaging,ROW,96,High,78,50,197,5,0.77,0.48,61,83,6,3,5,3.87,96646,743,87
MAT_0346,Plastic Totes & Pallets,Plastic,"Industrial Components, Heavy Machinery, Automotive Parts",Closed-loop logistics and bulk material handling,AMERICAS,90,Medium,49,94,76964,10,1.19,1.46,75,82,8,8,7,14.65,49673,998,92
MAT_0347,Cardboard Boxes,Cardboard,"E-commerce, Food & Beverage, Consumer Goods, Apparel",Last-mile delivery and primary e-commerce packaging,EU,100,High,77,46,169,4,0.72,0.51,62,87,5,3,3,2.82,96624,825,90
MAT_0348,Plastic Totes & Pallets,Plastic,"Industrial Components, Heavy Machinery, Automotive Parts",Closed-loop logistics and bulk material handling,ROW,95,Medium,48,96,25244,11,1.14,1.43,80,82,8,8,7,14.41,49673,995,86
MAT_0349,Cardboard Boxes,Cardboard,"E-commerce, Food & Beverage, Consumer Goods, Apparel",Last-mile delivery and primary e-commerce packaging,AMERICAS,98,High,79,48,154,5,0.85,0.5,59,90,5,3,4,3.22,96860,862,86
MAT_0350,Plastic Totes & Pallets,Plastic,"Industrial Components, Heavy Machinery, Automotive Parts",Closed-loop logistics and bulk material handling,EU,90,Medium,50,95,30911,10,1.15,1.46,79,85,9,7,6,14.68,52156,1010,95
MAT_0351,Cardboard Boxes,Cardboard,"E-commerce, Food & Beverage, Consumer Goods, Apparel",Last-mile delivery and primary e-commerce packaging,ROW,100,High,78,47,157,5,0.92,0.5,60,90,5,4,4,2.77,100871,847,90
MAT_0352,Plastic Totes & Pallets,Plastic,"Industrial Components, Heavy Machinery, Automotive Parts",Closed-loop logistics and bulk material handling,AMERICAS,88,Medium,50,96,40050,11,1.21,1.42,79,90,8,8,7,15.25,50106,1088,96
MAT_0353,Cardboard Boxes,Cardboard,"E-commerce, Food & Beverage, Consumer Goods, Apparel",Last-mile delivery and primary e-commerce packaging,EU,99,High,81,52,242,5,0.73,0.53,60,90,4,4,5,3.14,103063,782,88
MAT_0354,Plastic Totes & Pallets,Plastic,"Industrial Components, Heavy Machinery, Automotive Parts",Closed-loop logistics and bulk material handling,ROW,85,Medium,48,93,29304,11,1.18,1.4,81,83,7,9,6,15.11,51095,966,93
MAT_0355,Cardboard Boxes,Cardboard,"E-commerce, Food & Beverage, Consumer Goods, Apparel",Last-mile delivery and primary e-commerce packaging,AMERICAS,100,High,82,53,291,5,0.73,0.52,59,93,5,4,4,2.81,97201,880,85
MAT_0356,Plastic Totes & Pallets,Plastic,"Industrial Components, Heavy Machinery, Automotive Parts",Closed-loop logistics and bulk material handling,EU,87,Medium,47,97,33532,10,1.06,1.47,81,91,9,7,7,14.4,51174,959,97
MAT_0357,Cardboard Boxes,Cardboard,"E-commerce, Food & Beverage, Consumer Goods, Apparel",Last-mile delivery and primary e-commerce packaging,ROW,97,High,76,51,332,6,0.72,0.5,60,86,5,3,3,2.94,102220,740,84
MAT_0358,Plastic Totes & Pallets,Plastic,"Industrial Components, Heavy Machinery, Automotive Parts",Closed-loop logistics and bulk material handling,AMERICAS,92,Medium,48,99,42997,11,1.22,1.52,78,82,7,7,7,14.94,48860,978,86
MAT_0359,Cardboard Boxes,Cardboard,"E-commerce, Food & Beverage, Consumer Goods, Apparel",Last-mile delivery and primary e-commerce packaging,EU,96,High,78,50,197,5,0.85,0.49,61,83,4,4,5,3.87,96646,743,87
MAT_0360,Plastic Totes & Pallets,Plastic,"Industrial Components, Heavy Machinery, Automotive Parts",Closed-loop logistics and bulk material handling,ROW,90,Medium,49,94,76964,10,1.15,1.44,83,82,8,7,7,14.65,49673,998,92
MAT_0361,Cardboard Boxes,Cardboard,"E-commerce, Food & Beverage, Consumer Goods, Apparel",Last-mile delivery and primary e-commerce packaging,AMERICAS,100,High,77,46,169,4,0.78,0.52,61,87,5,3,3,2.82,96624,825,90
MAT_0362,Plastic Totes & Pallets,Plastic,"Industrial Components, Heavy Machinery, Automotive Parts",Closed-loop logistics and bulk material handling,EU,95,Medium,48,96,25244,11,1.21,1.5,80,82,8,8,7,14.41,49673,995,86
MAT_0363,Cardboard Boxes,Cardboard,"E-commerce, Food & Beverage, Consumer Goods, Apparel",Last-mile delivery and primary e-commerce packaging,ROW,98,High,79,48,154,5,0.92,0.51,60,90,6,3,4,3.22,96860,862,86
MAT_0364,Plastic Totes & Pallets,Plastic,"Industrial Components, Heavy Machinery, Automotive Parts",Closed-loop logistics and bulk material handling,AMERICAS,90,Medium,50,95,30911,10,1.2,1.54,79,85,9,7,6,14.68,52156,1010,95
MAT_0365,Cardboard Boxes,Cardboard,"E-commerce, Food & Beverage, Consumer Goods, Apparel",Last-mile delivery and primary e-commerce packaging,EU,100,High,78,47,157,5,0.76,0.53,60,90,5,4,4,2.77,100871,847,90
MAT_0366,Plastic Totes & Pallets,Plastic,"Industrial Components, Heavy Machinery, Automotive Parts",Closed-loop logistics and bulk material handling,ROW,88,Medium,50,96,40050,11,1.13,1.45,79,90,7,7,6,15.25,50106,1088,96
MAT_0367,Cardboard Boxes,Cardboard,"E-commerce, Food & Beverage, Consumer Goods, Apparel",Last-mile delivery and primary e-commerce packaging,AMERICAS,99,High,81,52,242,5,0.8,0.51,63,90,6,3,5,3.14,103063,782,88
MAT_0368,Plastic Totes & Pallets,Plastic,"Industrial Components, Heavy Machinery, Automotive Parts",Closed-loop logistics and bulk material handling,EU,85,Medium,48,93,29304,11,1.12,1.46,81,83,7,9,7,15.11,51095,966,93
MAT_0369,Cardboard Boxes,Cardboard,"E-commerce, Food & Beverage, Consumer Goods, Apparel",Last-mile delivery and primary e-commerce packaging,ROW,100,High,82,53,291,5,0.73,0.51,60,93,4,4,4,2.81,97201,880,85
MAT_0370,Plastic Totes & Pallets,Plastic,"Industrial Components, Heavy Machinery, Automotive Parts",Closed-loop logistics and bulk material handling,AMERICAS,87,Medium,47,97,33532,10,1.15,1.53,82,91,9,7,6,14.4,51174,959,97
MAT_0371,Cardboard Boxes,Cardboard,"E-commerce, Food & Beverage, Consumer Goods, Apparel",Last-mile delivery and primary e-commerce packaging,EU,97,High,76,51,332,6,0.79,0.52,60,86,5,4,4,2.94,102220,740,84
MAT_0372,Plastic Totes & Pallets,Plastic,"Industrial Components, Heavy Machinery, Automotive Parts",Closed-loop logistics and bulk material handling,ROW,92,Medium,48,99,42997,11,1.15,1.49,78,82,8,8,7,14.94,48860,978,86
MAT_0373,Cardboard Boxes,Cardboard,"E-commerce, Food & Beverage, Consumer Goods, Apparel",Last-mile delivery and primary e-commerce packaging,AMERICAS,96,High,78,50,197,5,0.77,0.48,61,83,5,5,3,3.87,96646,743,87
MAT_0374,Plastic Totes & Pallets,Plastic,"Industrial Components, Heavy Machinery, Automotive Parts",Closed-loop logistics and bulk material handling,EU,90,Medium,49,94,76964,10,1.19,1.41,75,82,7,8,6,14.65,49673,998,92
MAT_0375,Cardboard Boxes,Cardboard,"E-commerce, Food & Beverage, Consumer Goods, Apparel",Last-mile delivery and primary e-commerce packaging,ROW,98,High,77,46,169,4,0.72,0.53,60,87,6,3,5,2.82,96624,825,90
MAT_0376,Plastic Totes & Pallets,Plastic,"Industrial Components, Heavy Machinery, Automotive Parts",Closed-loop logistics and bulk material handling,AMERICAS,95,Medium,48,96,25244,11,1.21,1.5,80,82,8,7,7,14.41,49673,995,86
MAT_0377,Cardboard Boxes,Cardboard,"E-commerce, Food & Beverage, Consumer Goods, Apparel",Last-mile delivery and primary e-commerce packaging,EU,94,High,79,48,154,5,0.92,0.5,60,90,6,3,4,3.22,96860,862,86
MAT_0378,Plastic Totes & Pallets,Plastic,"Industrial Components, Heavy Machinery, Automotive Parts",Closed-loop logistics and bulk material handling,ROW,90,Medium,50,95,30911,10,1.2,1.46,79,85,7,7,6,14.68,52156,1010,95
MAT_0379,Cardboard Boxes,Cardboard,"E-commerce, Food & Beverage, Consumer Goods, Apparel",Last-mile delivery and primary e-commerce packaging,AMERICAS,100,High,78,47,157,5,0.76,0.51,61,90,5,4,4,2.77,100871,847,90
MAT_0380,Plastic Totes & Pallets,Plastic,"Industrial Components, Heavy Machinery, Automotive Parts",Closed-loop logistics and bulk material handling,EU,88,Medium,50,96,40050,11,1.13,1.46,79,90,8,8,7,15.25,50106,1088,96
MAT_0381,Cardboard Boxes,Cardboard,"E-commerce, Food & Beverage, Consumer Goods, Apparel",Last-mile delivery and primary e-commerce packaging,ROW,99,High,81,52,242,5,0.8,0.52,63,90,6,3,5,3.14,103063,782,88
MAT_0382,Plastic Totes & Pallets,Plastic,"Industrial Components, Heavy Machinery, Automotive Parts",Closed-loop logistics and bulk material handling,AMERICAS,85,Medium,48,93,29304,11,1.12,1.53,81,83,7,9,7,15.11,51095,966,93
MAT_0383,Cardboard Boxes,Cardboard,"E-commerce, Food & Beverage, Consumer Goods, Apparel",Last-mile delivery and primary e-commerce packaging,EU,100,High,82,53,291,5,0.73,0.52,60,93,4,4,4,2.81,97201,880,85
MAT_0384,Plastic Totes & Pallets,Plastic,"Industrial Components, Heavy Machinery, Automotive Parts",Closed-loop logistics and bulk material handling,ROW,87,Medium,47,97,33532,10,1.06,1.48,81,91,9,7,6,14.4,51174,959,97
MAT_0385,Cardboard Boxes,Cardboard,"E-commerce, Food & Beverage, Consumer Goods, Apparel",Last-mile delivery and primary e-commerce packaging,AMERICAS,97,High,76,51,332,6,0.72,0.51,60,86,5,3,3,2.94,102220,740,84
MAT_0386,Plastic Totes & Pallets,Plastic,"Industrial Components, Heavy Machinery, Automotive Parts",Closed-loop logistics and bulk material handling,EU,92,Medium,48,99,42997,11,1.22,1.5,78,82,7,8,7,14.94,48860,978,86
MAT_0387,Cardboard Boxes,Cardboard,"E-commerce, Food & Beverage, Consumer Goods, Apparel",Last-mile delivery and primary e-commerce packaging,ROW,96,High,78,50,197,5,0.85,0.48,61,83,5,5,4,3.87,96646,743,87
MAT_0388,Plastic Totes & Pallets,Plastic,"Industrial Components, Heavy Machinery, Automotive Parts",Closed-loop logistics and bulk material handling,AMERICAS,90,Medium,49,94,76964,10,1.15,1.45,83,82,7,7,6,14.65,49673,998,92
MAT_0389,Cardboard Boxes,Cardboard,"E-commerce, Food & Beverage, Consumer Goods, Apparel",Last-mile delivery and primary e-commerce packaging,EU,98,High,77,46,169,4,0.78,0.53,60,87,6,3,5,2.82,96624,825,90
MAT_0390,Plastic Totes & Pallets,Plastic,"Industrial Components, Heavy Machinery, Automotive Parts",Closed-loop logistics and bulk material handling,ROW,95,Medium,48,96,25244,11,1.14,1.41,78,82,8,7,7,14.41,49673,995,86
MAT_0391,Cardboard Boxes,Cardboard,"E-commerce, Food & Beverage, Consumer Goods, Apparel",Last-mile delivery and primary e-commerce packaging,AMERICAS,94,High,79,48,154,5,0.92,0.51,60,90,5,3,3,3.22,96860,862,86
MAT_0392,Plastic Totes & Pallets,Plastic,"Industrial Components, Heavy Machinery, Automotive Parts",Closed-loop logistics and bulk material handling,EU,90,Medium,50,95,30911,10,1.2,1.52,81,85,9,7,6,14.68,52156,1010,95
MAT_0393,Cardboard Boxes,Cardboard,"E-commerce, Food & Beverage, Consumer Goods, Apparel",Last-mile delivery and primary e-commerce packaging,ROW,100,High,78,47,157,5,0.76,0.51,61,90,5,4,4,2.77,100871,847,90
MAT_0394,Plastic Totes & Pallets,Plastic,"Industrial Components, Heavy Machinery, Automotive Parts",Closed-loop logistics and bulk material handling,AMERICAS,88,Medium,50,96,40050,11,1.13,1.53,80,90,7,8,7,15.25,50106,1088,96
MAT_0395,Cardboard Boxes,Cardboard,"E-commerce, Food & Beverage, Consumer Goods, Apparel",Last-mile delivery and primary e-commerce packaging,EU,99,High,81,52,242,5,0.79,0.51,60,90,5,4,4,3.14,103063,782,88
MAT_0396,Plastic Totes & Pallets,Plastic,"Industrial Components, Heavy Machinery, Automotive Parts",Closed-loop logistics and bulk material handling,ROW,85,Medium,48,93,29304,11,1.18,1.38,81,83,9,7,6,15.11,51095,966,93
MAT_0397,Cardboard Boxes,Cardboard,"E-commerce, Food & Beverage, Consumer Goods, Apparel",Last-mile delivery and primary e-commerce packaging,AMERICAS,100,High,82,53,291,5,0.73,0.5,60,93,5,4,4,2.81,97201,880,85
MAT_0398,Plastic Totes & Pallets,Plastic,"Industrial Components, Heavy Machinery, Automotive Parts",Closed-loop logistics and bulk material handling,EU,87,Medium,47,97,33532,10,1.15,1.52,82,91,7,8,7,14.4,51174,959,97
MAT_0399,Cardboard Boxes,Cardboard,"E-commerce, Food & Beverage, Consumer Goods, Apparel",Last-mile delivery and primary e-commerce packaging,ROW,97,High,76,51,332,6,0.79,0.53,60,86,5,3,4,2.94,102220,740,84
MAT_0400,Plastic Totes & Pallets,Plastic,"Industrial Components, Heavy Machinery, Automotive Parts",Closed-loop logistics and bulk material handling,AMERICAS,92,Medium,48,99,42997,11,1.15,1.48,78,82,7,7,6,14.94,48860,978,86
MAT_0401,Cardboard Boxes,Cardboard,"E-commerce, Food & Beverage, Consumer Goods, Apparel",Last-mile delivery and primary e-commerce packaging,EU,96,High,78,50,197,5,0.77,0.47,61,83,5,4,4,3.87,96646,743,87
MAT_0402,Plastic Totes & Pallets,Plastic,"Industrial Components, Heavy Machinery, Automotive Parts",Closed-loop logistics and bulk material handling,ROW,90,Medium,49,94,76964,10,1.19,1.46,75,82,9,7,7,14.65,49673,998,92
MAT_0403,Cardboard Boxes,Cardboard,"E-commerce, Food & Beverage, Consumer Goods, Apparel",Last-mile delivery and primary e-commerce packaging,AMERICAS,98,High,77,46,169,4,0.72,0.5,62,87,5,3,3,2.82,96624,825,90
MAT_0404,Plastic Totes & Pallets,Plastic,"Industrial Components, Heavy Machinery, Automotive Parts",Closed-loop logistics and bulk material handling,EU,95,Medium,,,,,,,,,,,,,,,
